product_handle,product_id,rating,author,body,created_at,photo_url,verified_purchase,reply,replied_at,source_note
sihoo-doro-s100-ergonomic-office-chair,10184342208803,3,Kevin,"This item has not been delivered as shipping indicates.

Customer service responded with update on shipping.",2024-01-06,,,,,sihoo.com (US) Okendo review 968d6e61-edd2-42ce-848b-517e2cdd8918
sihoo-doro-s100-ergonomic-office-chair,10184342208803,5,Robert G.,Excellent chair! Comfy and efficient.,2024-01-22,,TRUE,,,sihoo.com (US) Okendo review 65261f6c-0dc5-4bb1-9ae9-0e1a03c45755
sihoo-doro-s100-ergonomic-office-chair,10184342208803,5,K P.,This office chair is one of the best ones I've come across. It provides great back support and allows me to sit for hours at a time without issue.,2024-01-27,,TRUE,,,sihoo.com (US) Okendo review 9d25e2bf-f52e-48c4-a116-48ae98f3ef3e
sihoo-doro-s100-ergonomic-office-chair,10184342208803,4,Jonny,"This chair has one of the most comfortable lumbar supports I've encountered, and I've owned several similar chairs over the years and have used many Herman Miller chairs at work over the years. This chair also has some good features in terms of adjustable armrests, seat bottom depth, etc., so you can really tailor your seating position to find comfort. That having been said, the seat bottom cushion itself made my bottom numb in about 30 minutes and the armrests are a little too easy to reposition which becomes annoying when you want to adjust your seating position by leaning on them for leverage as they slide out of position. This frankly is not materially different from my experience with a Herman Miller chair, so when you consider the price point of this one, you're getting a comparable chair for a fraction of the price, which makes it definitely something to consider. I've paired mine with a memory foam seat cushion and it's doing quite well for me.",2024-02-01,,TRUE,,,sihoo.com (US) Okendo review a1e1de77-babb-4bba-b15b-d4be30081f70
sihoo-doro-s100-ergonomic-office-chair,10184342208803,5,Joke_3,"Putting together this futuristic-looking office chair was fairly straightforward, with clear instructions and various adjustment options for comfort. The lumbar support is commendable, but the price seems steep.",2024-02-02,,TRUE,,,sihoo.com (US) Okendo review 60fe365a-5fcb-4466-ad88-bb062ad3a9a6
sihoo-doro-s100-ergonomic-office-chair,10184342208803,5,Chris,"I??ve spent a lot of time in office chairs during my 30+ year career.  So I would consider myself an expert at sitting and know the difference between quality and crap.  Let me be clear the S100 is a quality product.  Assembly took me about 45 minutes using a clutched drill/driver, this included unpackaging but not disposal.  The parts came well laid out and labeled making assembly pretty easy.  Things I like:  Multiple adjustment options, you get normal adjustment and movement features as well as a few extras that set this chair apart from your garden variety sub $200 chair.  The armrests have a ton of adjustment features that I have only experienced with a few chairs that I have sat in (typically in an executive board room).  They can be moved vertically, rotated in the horizontal plan and moved laterally front to back, for you Trekkies this is the captain Kirk style battle stations or Full Alert position.  While lacking a headrest the whole back of the chair above the comfy lumbar support can move up and down where you need it (making a headrest unnecessary in my opinion).  I also like that the seat base can move forward and backward, making for a very comfortable seat if you are watching a training video, in a long meeting or taking a power nap during your lunch break.  The recline feature is similar to other higher end chairs I have sat in, it allows you to either lock it in place or lets you rock in place (for those fidgeters out there).  Even though the recline lacks a tensioner I thought the tension was just right.  Like most office chairs the seat will rotate on its chrome base and move around on standard office chair casters.  As far as comfort goes, the mesh is a heavy rubber coated style of fabric that seems durable and has an appropriate amount of give.  Lumbar support is awesome, probably the best I??ve experienced, the dual pads are spring loaded and conform to your body.  The chrome base jazzes everything up and makes this chair look really good.  I can definitely see this in an executive board room or other power broker setting.  The only things I would improve upon would be an extendable foot rest and roller blade style casters, other than that this thing is top notch and worth the premium.  Definite thumbs up from this office chair guru, go get some.",2024-02-06,,TRUE,,,sihoo.com (US) Okendo review 143973b0-c654-45a4-a194-2e3c08610bfc
sihoo-doro-s100-ergonomic-office-chair,10184342208803,4,James,"This is definitely a quality chair suitable for anyone spending a lot of time sitting in front of a computer screen, whether for work or gaming. Some assembly is required, which takes about 30-45 minutes, depending on your proficiency. Once assembled, it looks impressive and offers good support, which is crucial for those sitting for long periods. Whether the somewhat high price is justified is up to individual judgment.",2024-02-07,,TRUE,,,sihoo.com (US) Okendo review 72d13237-9e67-454d-8fb3-a79b858bbc07
sihoo-doro-s100-ergonomic-office-chair,10184342208803,5,J.A,"Upon laying eyes on this office chair, I immediately fell for both its style and the claimed ergonomic features. Since I was in the market for a replacement for my tired old office chair, I decided to give this one a shot to see if it lived up to its promising specs.",2024-02-08,,TRUE,,,sihoo.com (US) Okendo review dddfda8e-d970-4597-8653-e5cf9ae593a7
sihoo-doro-s100-ergonomic-office-chair,10184342208803,5,James,Chair is very well designed and fits modern interiors very nicely Highly Recommend,2024-02-08,,TRUE,,,sihoo.com (US) Okendo review 873973e8-d688-49ee-9927-d9da8aba3f62
sihoo-doro-s100-ergonomic-office-chair,10184342208803,5,Y@d!,"The chair assembled similar to most office chairs and feels quite sturdy.  I would say that is typical of a mid-range mesh style office chair.  It is comparable to other office chairs of that style that I have used, but didn't have as much adjustment as I thought it would for things like lumbar support.  It barely goes low enough for me to sit in (5' 1"" tall), but it is workable.

If you don't like having the arm rests in place sometimes, you have to choose to either install them or leave them off -- they do not fold out of the way.  They do adjust front to back, in and out, and up and down though.  The back adjusts up and down as well, but there is no head rest.  The lumbar support seems comfortable but is not adjustable.

Overall, this is a decent adjustable chair but quite pricey for the feature set.",2024-02-13,,TRUE,,,sihoo.com (US) Okendo review 632a629c-ae3f-46f4-8d3b-7e696860ad4f
sihoo-doro-s100-ergonomic-office-chair,10184342208803,4,J. P.,"The Sihoo Ergonomic Office Chair is a great chair. It is head and shoulders above your standard desk chair, including most of the ergo ones, and is far closer in quality to an Aeron or Steelcase than a warehouse store chair. It also looks really cool - the design is both futuristic and unique.

Out of the box, you have everything you need to assemble it in a single blister pack (photo 1), so all you need is some space and good eyes - the instructions are in tiny print.  Assembly is simple, and once put together, the chair is very solid and quite heavy, though easy to move on the 5 casters.  I particularly like that most of the adjustments don??t require any buttons - you adjust the arms or back and they just stay (you can reset by moving them to the end of their range of movement, which lets you return them to their original positions).

Ergonomically, I??m impressed overall with how adjustable it is - the back can raise and lower, the arms move up, down, in, out, forward and back, and the seat itself is height and depth adjustable.  All of the mechanisms are rock solid, so you feel secure and don??t need to worry about anything moving out of place.

In the ??so close?? category, though, there are a couple of choices that puzzle me.  First, the angle of the seat is not adjustable - though you can slide it forward and back, you can??t fine tune the angle for your legs, either as a whole or along the front edge.  With so many other adjustments that are typical on high end ergo chairs, this absence is notable.  The lumbar support is also unique - it will either work for you, or it won??t.  It consists of two mesh panels that are attached to the rear frame of the chair by springs.  It??s very clever, and surprisingly comfortable, but there is no way to adjust the lumbar panels vertically, so if they don??t hit your back in a good spot, you??re out of luck.",2024-02-13,,TRUE,,,sihoo.com (US) Okendo review 430135d3-9a63-4cf9-8627-cbbbb20dae77
sihoo-doro-s100-ergonomic-office-chair,10184342208803,4,The W.,"Assembly:
The chair comes flat-packed with clear labels and decent instructions. It's quite heavy (25kg), so be ready for that when moving it. Assembly is manageable alone or with an extra hand and takes about an hour, especially if you take breaks and double-check everything. The high-quality, sturdy parts give confidence in its durability.

Adjustments:
Figuring out the tilting and locking mechanism might take some trial and error initially. The dynamic lumbar support is a standout feature, offering snug support that reduces fatigue. The adjustable armrests are appreciated, but some might find them lacking in options.

Fit and Comfort:
Ideal for my size (160cm, 55kg), but consider your own height and build when buying. Still evaluating the value for money, but quality and durability seem promising so far.

Conclusion:
The Sihoo Doro S100 impresses with its innovative features and focus on ergonomics. The dual dynamic lumbar support and independent backrest offer exceptional comfort and potential relief from back pain. While it's pricier than some alternatives, the quality, adjustability, and health benefits make it a compelling choice for those prioritizing comfort and back health. If you're in the market for a premium ergonomic chair, the Sihoo Doro S100 is worth considering, though be mindful of the higher price point and weigh it against your budget and needs.",2024-02-14,,TRUE,,,sihoo.com (US) Okendo review fb51e2d9-54a8-44fd-a2ad-5064d12c2f68
sihoo-doro-s100-ergonomic-office-chair,10184342208803,5,Henry,"The SIHOO Ergonomic Office Chair is a standout choice for home office setups. Its dual dynamic lumbar support system ensures optimal back comfort by adapting to my movements. With a 5-level adjustable backrest and 4D coordinated armrests, it offers customizable comfort to suit individual preferences. The recline angle feature enhances relaxation during breaks, promoting a healthier sitting posture. However, the assembly process is a bit time-consuming. Overall, it's a highly recommended option for those seeking ergonomic support and comfort during long hours of work.",2024-02-14,,TRUE,,,sihoo.com (US) Okendo review e193f609-9597-4b54-8994-6d0df0448850
sihoo-doro-s100-ergonomic-office-chair,10184342208803,5,Victor,"This chair proved a bit challenging to assemble, taking around 2 hours to complete. Nonetheless, it offers great value, providing comfort, an attractive color, and being lightweight. It's significantly improved my workspace, though it's a tad short for me at 6'2"".",2024-02-15,,TRUE,,,sihoo.com (US) Okendo review 0605c597-513b-4df3-bd25-ed78c0f0589f
sihoo-doro-s100-ergonomic-office-chair,10184342208803,5,lynn,"The SIHOO Doro S100 Ergonomic Office Chair has truly transformed my workspace experience, offering unparalleled comfort and support during long hours at the desk.

From the moment I sat down, I could feel the difference in quality. The chair's ergonomic design contours to the natural shape of my body, providing optimal lumbar support and promoting healthy posture. The adjustable headrest and armrests further enhance comfort, allowing me to customize the chair to suit my specific needs.

One of the standout features of the Doro S100 is its breathable mesh backrest, which helps to keep me cool and comfortable, even during extended periods of use. This feature is particularly beneficial during warmer months or in environments where air circulation may be limited.

The chair's smooth and silent rolling casters make it easy to maneuver around my workspace, while the sturdy construction ensures stability and durability for years to come. Whether I'm leaning back for a quick break or leaning forward to focus on a task, the chair remains stable and supportive at all times.

Additionally, the recline function provides a range of motion to accommodate various sitting positions, allowing me to find the perfect balance between comfort and productivity. The tilt tension adjustment feature allows me to control the resistance of the chair's recline, providing a personalized sitting experience.

As someone who spends the majority of my day seated at a desk, investing in a high-quality office chair like the SIHOO Doro S100 has been a game-changer. Its ergonomic design, adjustable features, and superior comfort have significantly improved my overall well-being and productivity. If you're in the market for a new office chair, I highly recommend giving the Doro S100 a try.",2024-02-15,,TRUE,,,sihoo.com (US) Okendo review 741a761f-f74f-4be5-baf8-16ecba223ec2
sihoo-doro-s100-ergonomic-office-chair,10184342208803,5,TechRadar,"This review is for the SIHOO Ergonomic Office Chair, Adjustable Seat Depth, Adjustable Backrest Home Office Chair, Big and Tall Computer Chair (Light Black). It's an amazing, very comfortable chair that requires assembly. It's fairly heavy and may need two people to assemble. The instructions are clear, and all necessary tools are provided. The chair offers various adjustable options and provides excellent back support. Overall, I would recommend it for its great quality.",2024-02-17,,TRUE,,,sihoo.com (US) Okendo review ae9bd2ae-a5cc-4e5d-b5ff-4a092ca8ff35
sihoo-doro-s100-ergonomic-office-chair,10184342208803,5,Harumi,"The chair arrives well-protected, with each element individually shielded. The assembly instructions are clear, with diagrams, and the screws are well-organized. I assembled it alone in a short time. The provided key and spare screws are a nice touch.

It's quite comfortable for me, with a thick and sufficiently wide seat. While the seat is firm, it does relax a bit with use.",2024-02-18,,TRUE,,,sihoo.com (US) Okendo review b28cb1ca-e671-4722-9072-eec178272b72
sihoo-doro-s100-ergonomic-office-chair,10184342208803,4,Tacha,"I ordered this SIHOO Ergonomic Office Chair because I have to work a lot at my desk and suffer from lower back pain. With my current chair, every time I get up, I have to walk hunched over for a while because my back hurts so much. So, it was definitely time to try out an ergonomic chair. The good news is that I have now tested this chair for 3 days and my back doesn??t hurt when I stand up. That??s a first! The problem though now is that I am 6.1 and on the curvier side of sizes. I wear a 2xl in women??s clothing. This chair is advertised for people who are big and tall, just like my last chair. However, while my last chair gives me plenty of room in the seat in both directions, this Sihoo chair is simply too small. Even when I fully extend the seat forward, I still have over a third of my legs unsupported. The hard plastic on the sides cuts into my thighs and it??s really uncomfortable. As the pain in my legs is not as bad as the pain in my back, I will continue to use this chair over my other one; however, I feel this chair should not be marketing towards the big and tall because it??s simply not big enough. All the pieces feel solid and are reasonably easy to put together. Once assembled, this chair is very heavy. Instructions were ok, but they were printed so small I had to use my phone as a magnifier. I also don??t like that the armrests keep moving around.  I wish you could just choose a setting to lock them into. This is without a doubt a wonderful chair for people with standard sizes. It they could just make the seat larger, it would make it even better.",2024-02-18,,TRUE,,,sihoo.com (US) Okendo review 6014f7cd-9320-405a-8566-c3ddf813a885
sihoo-doro-s100-ergonomic-office-chair,10184342208803,4,G??raldine F.,"This ergonomic office chair is very comfortable, especially with the two adjustable lumbar supports, providing ideal comfort for a desk position. It's adjustable in terms of backrest height and armrests. However, this comfort has its limits, as it lacks the ability to recline and, most importantly, a true headrest. It's not a gaming chair. The finish is good, and the white color adds to its pleasant design. The chair is quite heavy, which gives a sense of durability. It's also very easy to assemble (around 30 minutes). However, the proposed price is too high for this item. The support and wheels could have been of much better quality.",2024-02-20,,TRUE,,,sihoo.com (US) Okendo review 2cc7df4a-845a-45c5-b4ba-49babb5e4abf
sihoo-doro-s100-ergonomic-office-chair,10184342208803,5,Sosofou,"The gaming chair arrived well-packaged and took some time to assemble. It's robust and comfortable, with ample adjustments available. The lumbar support is spot-on, and I haven't experienced any discomfort during long gaming sessions.",2024-02-20,,TRUE,,,sihoo.com (US) Okendo review ce62902c-8e63-4eed-ba1f-55fc3de80fbb
sihoo-doro-s100-ergonomic-office-chair,10184342208803,5,Scubasteveb,"I work from home and have been on the hunt for a new chair and decided to give this one a try! The support it has is great and the adjustability of each aspect of the chair is also nice for customization depending on a persons height. However, the downside of the chair is the seat itself is a bit uncomfy. I personally was not a fan of the rigid and firm seat. It started to hurt after about an hour, so I decided to switch back to my old desk for that sole reason. Overall, I think this chair is a great option for someone who is looking for a more firm ergonomic chair because the support it has is amazing.

Also, the instructions are a bit confusing but overall pretty easy to build once you interpret the instructions!",2024-02-21,,TRUE,,,sihoo.com (US) Okendo review 848c28a3-44dd-4b00-ab37-54da75967cc8
sihoo-doro-s100-ergonomic-office-chair,10184342208803,5,Baz,"Assembly was a breeze with the included instruction manual, though I found a helpful assembly video on YouTube for the Sihoo S100C model. I managed to assemble it solo in just half an hour, using my bed to assist with connecting the seat section to the back. The manufacturing quality is superb, utilizing excellent materials. Having owned around 15 computer chairs with a budget of up to ??300, I'd wholeheartedly recommend the SIHOO S100C chair if it falls under that price range.

The ergonomic design and elegant style impressed me, offering full adjustability from seat height to depth. The adjustable armrests move up, down, inward, and outward. The lumbar support cushions with adjustable springs adapt to your posture, and the headrest/back is also adjustable. Reclining up to 135?? degrees offers relaxation after work, with easy adjustment via the height-adjustable lever.

Whether for remote work or daily office use, this chair is a top choice in its price range, offering comfort and adjustability suitable for extended periods of sitting. Highly satisfied and highly recommended.",2024-02-23,,TRUE,,,sihoo.com (US) Okendo review ea392e19-2f57-4ae0-be8a-167bea3ea37c
sihoo-doro-s100-ergonomic-office-chair,10184342208803,5,Gabsou,"In general, I have mixed feelings about using this 'ergonomic chair.' The lumbar support, back support, and armrests are good and very comfortable. But the seat itself is strangely firm and creates many uncomfortable pressure points. The seat's design also feels like it curves downward, reducing seating space.",2024-02-23,,TRUE,,,sihoo.com (US) Okendo review a63ce52a-d6a5-4b81-bc67-e11385274d2d
sihoo-doro-s100-ergonomic-office-chair,10184342208803,4,Rnt M.,"This office chair by Sihoo comes unassembled, which was a surprise considering the price. However, the assembly instructions are clear, and all the necessary tools are included. I particularly liked the design of the Allen key provided. Assembly took me about half an hour. Once assembled, the chair looks great and feels comfortable, although it might not be suitable for larger individuals. Overall, it's a good investment for those who spend long hours at their desks.",2024-02-24,,TRUE,,,sihoo.com (US) Okendo review fbced165-6bd8-44dc-8778-5f894558f5bb
sihoo-doro-s100-ergonomic-office-chair,10184342208803,5,David,"This is the fanciest chair I have ever owned.  It is such an upgrade from my last chair. I love how the back rest adjusts up and down as well as the arm rests.  It's super comfortable and has a great back support and recline.  It was a pain to put together to be honest, but well worth it in the end. I love it!",2024-02-27,,TRUE,,,sihoo.com (US) Okendo review 8b6dfbbc-2a11-423a-b474-3b5a3e9ab9bd
sihoo-doro-s100-ergonomic-office-chair,10184342208803,5,R??mi F.,"Assembling this ergonomic office chair was a breeze, thanks to the provided tools and clear instructions. Each component, made of sturdy metal, exudes quality and durability. The adjustable seat depth and backrest allowed me to customize my position for optimal comfort. With its sleek design in light black, this chair seamlessly fits into my workspace. I can easily spend 4 to 5 hours without feeling any discomfort. Those who prefer a slightly firm seat will be pleased. Easy assembly and quality materials make this office chair an ideal choice for a comfortable and productive experience.",2024-02-27,,TRUE,,,sihoo.com (US) Okendo review 35a29434-91b2-42ae-ade2-0b1130c33bec
sihoo-doro-s100-ergonomic-office-chair,10184342208803,5,RAW1987,"Assembly is quick and easy, with clear instructions and labeled parts. The chair is very comfortable, with elasticated fabric that molds to your body. The lower back support is comfortable and moves with you, unlike other chairs. The upper back provides excellent posture support, and the slide feature on the seat is helpful. Adjusting the arms is easy and provides unmatched comfort. Overall, this chair is perfect for gamers or office workers who spend hours seated, providing excellent airflow and support.",2024-02-28,,TRUE,,,sihoo.com (US) Okendo review ec4f3422-103e-4453-9eee-078fd23e2b0f
sihoo-doro-s100-ergonomic-office-chair,10184342208803,5,Quanisha,I order this chair to replace my other chair in my office at home .assembly manual was a lot of help not that hard to put together everything was detail down to the screws .the chair is very sturdy and easy to move around and swivel the material is very heavy duty and soft to the touch the headrest is adjustable  and the back support is great,2024-02-29,,TRUE,,,sihoo.com (US) Okendo review 7cbe5b07-1417-4b79-b79e-00fa67b6f7f6
sihoo-doro-s100-ergonomic-office-chair,10184342208803,4,kathy,"Short story: My husbands??s neck pain that had been growing, has disappeared, and he has totally abandoned his old cushy flaking fake leather abomination, in favor of the SIHOO Doro S100 Ergonomic Office Chair. Yay, because that old chair was disgusting and my husband is resistant to change.  Boo, I don??t get to use the chair much, and boy was that assembly a challenge!!!

Soooo many pieces.  I kid you not. After every few assembly instructions, I got to go backwards and re-assemble sooooo many pieces twice. And then at the end, after all was done,  when I was trying to figure out why the chair bottom wouldn't slide back and forth, I realized I had put the chair bottom on backwards.  Yes ladies, gentlemen, and respected others, this assembly is not idiot proof. Fortunately, with some creative supports, I was able remove the chair bottom screws and rotate the bottom 180 without having to take anything else apart.  Furthermore, while a t-handled allen wrench is kindly included, I am sure there would have been overly dramatic words to say, had I not a drill and the appropriate 3/16 hex bit. Anyhow, I ultimately got it done and then retightened anything that felt janky.

The seat slides back and forth with the top lever.  The back also leans back and forth in recline positions when you unlock (pull out) the bottom lever.  You can lock it in a fixed recline at 3 different positions (as opposed to any point along the recline spectrum.) You can leave the recline open, but I see no way to tension the open leaning feature.  The back can be raised for taller folks or lowered for shorter people.

The arm rests go up and down, backward and forward, and angle inward and outward. They are super easy to move,?? almost a slithery propensity.  Some will like the flexibility.  For some that might not feel as supportive.  For others it will be irritating.  For us, there was an acclimation period, that turned into appreciation.

AT 5??5??I like both arms and seat at their lowest setting. So if you're really short, you may be out of luck.

The swivel is great. The lumbar support is awesome. Ventilation is good.  The arms are supportive with a dense covering.

Tip on install,?? cut the pack of screws up into steps and open as you need them rather than flipping the entire pack over each time you need to figure out what to break into next. There are lots if extra pieces, that will want to fall out if you don't do this.  Also, this will help you keep pieces straight if you have to redo assembly steps like I did.",2024-03-02,,TRUE,,,sihoo.com (US) Okendo review 89517c08-4cc4-4508-a8c2-3f6ef08605a0
sihoo-doro-s100-ergonomic-office-chair,10184342208803,5,Geo,"The SIHOO Doro S100 Ergonomic Office Chair really impressed me. It's from a reputable brand and the assembly instructions are straightforward. The parts are high-quality, and once assembled, the chair looks sleek and feels sturdy. But the real magic happens when you sit in it. Compared to my old chair, it's like sitting on a cloud. The back support is fantastic, whether you're lounging or working at your desk. Despite the high price, it's worth every penny.""",2024-03-04,,TRUE,,,sihoo.com (US) Okendo review adfa1d81-9d1e-48dd-9080-3a5ada9410e6
sihoo-doro-s100-ergonomic-office-chair,10184342208803,4,OldGamer,"This office chair from Sihoo arrives flat-packed and requires assembly, which is understandable given the price. The instructions are reasonably clear, and all the pieces are well-organized. Assembly is straightforward, and the included tools are convenient. The chair looks great once assembled, and it's comfortable for me. However, it might not be suitable for larger individuals. The adjustable features are appreciated, but the arms aren't as adjustable as expected.",2024-03-04,,TRUE,,,sihoo.com (US) Okendo review 2124e558-b872-40a3-9760-74f3f6f7c887
sihoo-doro-s100-ergonomic-office-chair,10184342208803,5,Neta D.,"This office chair is great!! It is so beyond comfortable! I love how easily it glides around.

I sit in it for many hours without getting any backaches or having my legs ache.

Great purchase!!",2024-03-05,,TRUE,,,sihoo.com (US) Okendo review f5549c41-83f7-4407-a57c-45d044832b3c
sihoo-doro-s100-ergonomic-office-chair,10184342208803,5,crazy l.,"I'm really impressed with this office chair in many ways. Assembly was easy and took just half an hour alone with the provided tool. The components were all well-labeled, and the instructions were easy to understand. There are so many ways to adjust it; it's hard not to find a comfortable position. The seat, arms, and backrest are all adjustable, and the lumbar supports feel like a hug when you sit. The mesh seat is lightweight and very comfortable. I couldn't find any faults with the comfort or ergonomics of this chair; I could sit in it for hours without discomfort. Very impressed.""",2024-03-05,,TRUE,,,sihoo.com (US) Okendo review 778ac978-95d4-4d3d-b455-c23ea868af6a
sihoo-doro-s100-ergonomic-office-chair,10184342208803,4,Mr G.,"This office chair is very unique, with its white color and elegant textured covering. The lumbar support, divided into two vertical parts mounted on large springs, is excellent. The components are well-packed, and assembly is straightforward. The chair offers various adjustments, though it's more suitable for average to tall individuals. The seat is slightly firm and doesn't tilt backward, which may not be comfortable for everyone.",2024-03-06,,TRUE,,,sihoo.com (US) Okendo review d07ee3d4-d5b0-4730-861a-e28fcad185ea
sihoo-doro-s100-ergonomic-office-chair,10184342208803,4,Mojo,"After 3 moves and countless hours sitting in my office chair, that was  just an off the shelf brand, nothing special, I finally decided to get a new one. After looking at quite a few and getting over my sticker shock. I went with sihoo, priced right, with enough support to get the job done. Overall I??m enjoying this style chair. A big improvement from my old one, plenty of support, with a high back head rest. Oh yea. ??????mojo",2024-03-07,,TRUE,,,sihoo.com (US) Okendo review 2e074bb9-580f-4f68-925f-b88d7e925e0e
sihoo-doro-s100-ergonomic-office-chair,10184342208803,5,Clara,"I work from home two days out of the week and three days out of the office. I needed a new chair at work so was able to get this beautiful and comfortable chair. First of all , this chair was easy to assemble. It has so many great features. The back can adjust to height. The seat moves forward if needed. You can also adjust the seat up and down for a more comfortable position. The back also has lumbar support for someone like me that suffers from back pain, this support is key. The wheels glide through effortlessly. Last the armrests, theses are adjustable to height as well. But also move inward or outward to whatever position feels comfortable. I only wish it had a locking mechanism so it would stay in the desired position. But overall this is an amazing comfortable chair and would definitely recommend.",2024-03-09,,TRUE,,,sihoo.com (US) Okendo review 02065a5e-be79-4cef-a954-ea771eee57a4
sihoo-doro-s100-ergonomic-office-chair,10184342208803,4,David L.,"nice chair and generaly comfortable but the armrest do not lock in place , too bad",2024-03-14,,TRUE,,,sihoo.com (US) Okendo review f498d0ef-e7d2-40e5-a31c-d155a663d0b7
sihoo-doro-s100-ergonomic-office-chair,10184342208803,5,Brent W.,I am 6'3'' and about 325lbs and love this chair! Very comfortable and fully adjustable. I spend the work day in my chair and was suffering from lower back pain but in this new chair I feel so much better! Highly recommend.,2024-03-17,,TRUE,,,sihoo.com (US) Okendo review a0ee80b9-75b8-4a51-bf0d-7ffd177c2401
sihoo-doro-s100-ergonomic-office-chair,10184342208803,4,letmepicyou,"I tried this out for a little bit and found the seat to be a bit on the firm side.  Some folks like that, and if you do, you'll like this out of the box.  I found that my rear end needed a bit more cushion.  I have a memory foam chair cushion for desk chairs that I tried out with it and it's PERFECT.  Much more comfy.

I have to say, the big draw for me was the overall look.  When I look at it, I think about that episode of Star Trek: TNG where Barklay got super-smart briefly and built some crazy laser-chair in the holodeck and he's sitting in it and laser beams are zapping him in the head...this chair is like, far-out futuristic looking, and that's what I think of when I look at it.  It's great.  I'm also kind of liking the white...it's so much different than ""every other desk chair"".

If you're a crazy-dedicated gamer, you might want to put your surround sound speakers on the back of the chair firing through the mesh.  Just a suggestion.  I'm always trying to find a place for my surround sound computer speakers, anyway.

It is a bit pricey, but it is made well, and it's RIDICULOUSLY cool looking.  The seat IS a bit stiff, and if you're partial to chair cushions already like I am, you'll probably find one to be a good fit here.",2024-03-19,,TRUE,,,sihoo.com (US) Okendo review df7f3223-993f-4292-8b00-39e12f955886
sihoo-doro-s100-ergonomic-office-chair,10184342208803,5,Breanne,Easy to put together and looks great. It is so comfortable as well. It feels well made and like it will last a while. It can hold a good bit of weight as well.,2024-03-21,,TRUE,,,sihoo.com (US) Okendo review fae4b1f4-79a9-4c6d-8344-31f7260b5384
sihoo-doro-s100-ergonomic-office-chair,10184342208803,5,CC,"Excellent product , as described, comfortable ! Exactly what I was looking for .",2024-03-24,,TRUE,,,sihoo.com (US) Okendo review b58ba746-4fe2-4cd6-a7e9-7f748e8f7b06
sihoo-doro-s100-ergonomic-office-chair,10184342208803,5,Leo,"Very comfortable, truly great, very nice gift.",2024-03-24,,TRUE,,,sihoo.com (US) Okendo review 30bb4bf6-8ca5-48a1-9169-f341a2a99eb1
sihoo-doro-s100-ergonomic-office-chair,10184342208803,4,Bluelarksong,"The chair was originally $300 cheaper when I selected it (it was $499)!
I chose classic black, thinking the mesh material would be less likely to catch cat hair than my current chair ?C and I was right (we have 3 cats at home).
Assembly wasn't too difficult, just a few hiccups, and it only took 30 minutes.
While there's definitely a noticeable increase in comfort, it doesn't quite meet the total ergonomics I expected from an $800 chair.
There aren't enough customization options to justify the price, and considering the investment, it needs to last a few years. At $499, I would have given it 5 stars, but at $800, maybe only 4 or 3.
Overall, I'm undecided. It's not that the product isn't quality or comfortable, but at nearly $800, I expected more.
It's a purchase to ponder, and ultimately, it's up to you!",2024-03-27,,TRUE,,,sihoo.com (US) Okendo review 08f98040-b307-4648-ab99-459f680b2a62
sihoo-doro-s100-ergonomic-office-chair,10184342208803,5,Betty,"I like the style of this gaming chair and the elastic lumbar support function, but its price is too expensive, at least twice as expensive as similar products. This gaming swivel chair is very heavy, and its comfort level is not ideal. It is recommended not to consider It If the weigh more than 160 pounds. However, because the seat has a mesh design, It does make me feel cool and breathable.",2024-03-27,,TRUE,,,sihoo.com (US) Okendo review 3b25a71c-2dd8-4b1c-b146-19cd56632cff
sihoo-doro-s100-ergonomic-office-chair,10184342208803,5,Slava,I work from home for straight twelve hours and for last three years I have been looking for something which can help me with my back pain and also keep me comfortable and I ended up buying this chair which did not disappoint me. The first part was assembly which was a piece of cake for me although I am not a handy man type of person but I assembled it in less than twenty minutes by following the given instructions. It has high back which gives a perfect lumbar support and its material is breathable which keeps me comfortable. It has moveable armrests which I can adjust according to my needs. My son is 5 feet 2 inches and he also enjoys it as he can adjust the height of the chair while doing his work on computer.,2024-03-29,"https://media-dynamic.okendo.io/images/eb1bc8c6-9e12-4255-bc70-775461000354/da6618a6-974f-4101-841a-56d658010411.jpg,https://media-dynamic.okendo.io/images/eb1bc8c6-9e12-4255-bc70-775461000354/a7f9e51d-9641-47ac-8bf0-ee1792915317.jpg",TRUE,,,sihoo.com (US) Okendo review fa66fa71-33e1-4846-a351-58c005d1c355
sihoo-doro-s100-ergonomic-office-chair,10184342208803,5,Sviatoslav M.,Unbelievably good chair that is both easy to assemble and nice to sit in. Not does it look good but also it is very comfortable chair with lots of controls and it does not make you sweat while you are in it. Love it.,2024-03-31,,TRUE,,,sihoo.com (US) Okendo review dc4809ca-79c2-43da-9b7e-3f8225ac13b3
sihoo-doro-s100-ergonomic-office-chair,10184342208803,4,L. K.,"First off, this chair was delivered to us without the manual, which made assembly challenging. It's quite bulky and heavy. It appears sturdy. In terms of comfort, I like the lumbar support and the ability to adjust the seat depth. It's nice to be able to rest my head. The backrest is adjustable in height. However, the armrest pivots too easily, which is a bit disappointing. I was used to having an option to recline the chair, and unfortunately, that option is not available on this chair. Nonetheless, if you're looking for good support, it does its job well. I find it too expensive. At this price point, I would have preferred non-plastic wheels.",2024-04-06,,TRUE,,,sihoo.com (US) Okendo review 54cd51f8-b901-482e-bed9-cb21e875b271
sihoo-doro-s100-ergonomic-office-chair,10184342208803,5,D*****L,"What an amazing chair. I am a remote worker that is in my chair all day. So having all these adjustments was a must have for me to get that perfect fit. I do wish the seat was a little softer as the chair as a whole is on the firmer side. So I had to add a pad to the seat for it to be comfortable for me. Assembly was quick and painless and comes with everything you need to get it together. Super adjustable and ergonomic design this chair is amazing. Besides the firm seat this is one of the best chairs I have had from durability, adjustability, and comfort.",2024-04-07,"https://media-dynamic.okendo.io/images/eb1bc8c6-9e12-4255-bc70-775461000354/6cd23f40-9d56-4ad4-91c4-8ebaf4527139.jpg,https://media-dynamic.okendo.io/images/eb1bc8c6-9e12-4255-bc70-775461000354/95d4e60b-d852-4a32-a380-10c9644e8559.jpg,https://media-dynamic.okendo.io/images/eb1bc8c6-9e12-4255-bc70-775461000354/8a3e9b86-78cb-490a-93f8-9bd21a02afb8.jpg",TRUE,,,sihoo.com (US) Okendo review 9474f3b1-cdb5-4f3d-979c-0afbd1b99a95
sihoo-doro-s100-ergonomic-office-chair,10184342208803,5,T. W.,"Update since my review after more use of the product and giving a much better score. From my usage of the chair, I noticed that the chair would correct your sitting posture and made you sit up properly with the chair seat and align with the dual lumber. I had been using the chair, and the back pain improved noticeably within a week. I will add 1 more star to the review based on thisAnother thing is that my chair had issue with armrest (the screw hole not align), and Sihoo reached out to help out. I was surprised about it since they are proactively helping their customer. I gave my feedback on the chair and they took corrective action on it. This is a much better customer experience than I expected. I did not expect Sihoo would reached out and wanted to solve the problem. A post purchase experience is great, especially willing to help and correct the armrest issue. This is another star being added.Over 98% reviews are from vine free product and not trust worthy. The back support is great. The dual lumber is excellent design and others should follow.Minor complains from others but not real issue in my opinion.No headrest. It's not a real issue for me.A lot of people complained about arm rest moving too easily. It's not really an issue and maybe annoying at times.The one complain for me is the waterfall seat design . The angle was too steep and forced your body to lean forward. It's not very comfortable and made the seat area smaller than it should. However, it enforces you to sit up properlyBack support is excellent and I wish gen 2 will fix the water fall seat design and it will be great.",2024-04-10,,TRUE,,,sihoo.com (US) Okendo review 37fef4c9-1110-46bb-a705-c39be1624432
sihoo-doro-s100-ergonomic-office-chair,10184342208803,5,A1,"Nice chair, material is alittle rough but the chair is very comfortable and seems well made.",2024-04-11,,TRUE,,,sihoo.com (US) Okendo review 50910a0d-b908-4867-8d3a-0a31a64492c3
sihoo-doro-s100-ergonomic-office-chair,10184342208803,5,A Discerning I.,"This chair is ergonomic and, with my seat cushion, quite comfortable. The arms flip up making it easy to get in and out (especially if you have a small office space like me). It boasts support all over from the hips up. It's quite adjustable to; headrest, lumbar and height. This chair could have me sitting for hours.",2024-04-12,,TRUE,,,sihoo.com (US) Okendo review 551d366f-4968-47f7-8766-eed39fe9b105
sihoo-doro-s100-ergonomic-office-chair,10184342208803,5,Clochette,"I work from home two days out of the week and three days out of the office. I needed a new chair at work so was able to get this beautiful and comfortable chair. First of all , this chair was easy to assemble. It has so many great features. The back can adjust to height. The seat moves forward if needed. You can also adjust the seat up and down for a more comfortable position.",2024-04-29,"https://media-dynamic.okendo.io/images/eb1bc8c6-9e12-4255-bc70-775461000354/8dd2e32e-5a33-49bf-8222-a6d09b4157c1.jpg,https://media-dynamic.okendo.io/images/eb1bc8c6-9e12-4255-bc70-775461000354/fb1ee3aa-f527-4992-a8a6-6021a76e4a3e.jpg",TRUE,,,sihoo.com (US) Okendo review 1907c2ab-74cf-4c41-9037-262e356590ce
sihoo-doro-s100-ergonomic-office-chair,10184342208803,5,Baz,I am very impressed with the ergonomic design and elegant style it brings to my home. This is one of the those products that I can write a book on it but I like to keep this review short and concise. It is fully adjustable from seat height to seat depth according to your taste and physics.,2024-04-29,"https://media-dynamic.okendo.io/images/eb1bc8c6-9e12-4255-bc70-775461000354/e9e3b0c1-814e-44d9-af46-a776902cdcd5.jpg,https://media-dynamic.okendo.io/images/eb1bc8c6-9e12-4255-bc70-775461000354/e6037476-d04e-4e45-b82a-0541fcdf5d96.jpg,https://media-dynamic.okendo.io/images/eb1bc8c6-9e12-4255-bc70-775461000354/8a8c55d5-6520-44d4-9515-1f120c853c07.jpg",TRUE,,,sihoo.com (US) Okendo review c18fdb7b-d6e1-472d-ab6b-97121df258b9
sihoo-doro-s100-ergonomic-office-chair,10184342208803,5,Henry,The SIHOO Ergonomic Office Chair is a standout choice for home office setups. Its dual dynamic lumbar support system ensures optimal back comfort by adapting to my movements.,2024-05-08,https://media-dynamic.okendo.io/images/eb1bc8c6-9e12-4255-bc70-775461000354/0a9c30b7-0ec2-44f4-aa44-112b303fcd6e.jpg,TRUE,,,sihoo.com (US) Okendo review 2d656013-7f8c-4172-b549-1a4d825f7d75
sihoo-doro-s100-ergonomic-office-chair,10184342208803,5,Amir,"First off the customer service is very helpful. The chair arrived late, so they gave me a kind gesture due to this which was very kind of Sihooo.I have seen reviews where people are saying they are slipping off the base of the chair, I have not experienced this myself, unless the mateiral has changed since then, but I have no feeling of sliding off the base.The depth of the base I agree could have been deeper, even with the base fully extended forwards I do feel like there could be some more depth, I am 5ft10.5.The armrests are great in terms of adjustment, however I do feel like when reclining although its nice to see the arm rests follow the reclining of the chair, it would be better to have them fixed as sometimes I do like to work in a reclined position.The back supports that have springs are AMAZING... I honestly thought this was a bit of a gimmick when seeing other chairs adopting the same support system, but it is very very supportive, we have Herman Miller Aeron chairs too and they do not have the same level of lumbar support this chair has.The adjustable upper back is brilliant too.The build quality is phenomenal, most pieces are metal, which is nice or they have been given an outer metal skin, but overall the quality is great.The mechanism to have the chair go up and down is a bit of a reach though and often I end up pressing the seat base extension lever.Also, not so clear in the description, but this chair can be reclined and locked at about 2 certain angles, so that is very helpful.There is also no tensioner beneath the base of the seat, having this could be beneficial, but at this price range and other features and quality you are getting it is understandable that is was left out.If i had the budget or if Sihoo did there more expensive office chairs in the 350-450 range I would go for that hoping it would have even more features to make it more comfortable.Who knows Sihoo may be very kind and send me one to review :D",2024-06-11,,TRUE,,,sihoo.com (US) Okendo review fc3c67fa-dad4-45ff-affe-00de7f6c6145
sihoo-doro-s100-ergonomic-office-chair,10184342208803,5,Eamen L.,"The Sihoo ergonomic chair is definitely a great choice if you're looking for a chair that's suitable for both office work and long hours of gaming. This chair is designed specifically for prolonged sitting, offering excellent lumbar support to ensure proper posture and reduce pressure on your lower back. Additionally, its 3D adjustable armrests can be flexibly adjusted to meet individual needs, providing ultimate comfort whether you're working or playing. Highly recommended for friends who need to sit for extended periods at the office or home, this chair can bring you an unprecedented level of comfort.Excellent Lumbar Support: Designed for prolonged sitting, this chair provides outstanding lumbar support to help alleviate lower back pressure and maintain proper posture, preventing issues associated with long-term sitting.3D Armrests: The armrests can be adjusted in multiple directions (up and down, forward and backward and rotating) to meet different sitting postures and usage needs, offering maximum comfort for both work and gaming.Suitable for Long-term Use: Whether you're working long hours in the office or gaming at home, this chair provides an extreme level of comfort.Adjustable Height: In addition to the adjustable armrests, this chair typically features adjustable height, allowing you to set it according to your height and desk level to ensure a comfortable sitting position.Breathable Material: Many ergonomic chairs use breathable mesh fabric, ensuring you stay cool even when sitting for long periods, enhancing overall comfort.Overall, the Sihoo ergonomic chair combines ergonomic design and multifunctional adjustments, making it a highly recommended office and gaming chair. If you need a chair that provides excellent support and comfort, this chair is definitely worth considering.",2024-06-16,https://media-dynamic.okendo.io/images/eb1bc8c6-9e12-4255-bc70-775461000354/3c5a4d45-682d-4ea8-af52-6a14c39b5df5.jpg,TRUE,,,sihoo.com (US) Okendo review d5aed2fc-6023-4fe4-9021-1d749b96696c
sihoo-doro-s100-ergonomic-office-chair,10184342208803,4,Barry F.,Chair was not what I thought it would be but customer service was great and handled our issues.,2024-07-01,,TRUE,,,sihoo.com (US) Okendo review a744d496-43ab-4304-aab7-e189893ad465
sihoo-doro-s100-ergonomic-office-chair,10184342208803,5,Andrija,"I have ti say that this is the most comfortable chair that i have ever used. Im very very fascinated and i would recommend this model to anyone who needs an office chair and sits for long periods of time. The quality is also amazing and everything is made out of metal or hard plastic, so the chair wont break easily. What im also amazed by is the comfort of the hand rests, its made out of some hard sponge material but also very comfortable to lay your arms on. Overall amazing product!",2024-07-05,https://media-dynamic.okendo.io/images/eb1bc8c6-9e12-4255-bc70-775461000354/e6a02c77-eacd-4e2f-af6b-65ac763111b9.jpg,TRUE,,,sihoo.com (US) Okendo review d5212fce-6f8e-4921-aeeb-eb6a876326db
sihoo-doro-s100-ergonomic-office-chair,10184342208803,5,Zie,Chair works well and the company is awesome. Great experience from both. Thank you! ??,2024-07-09,,TRUE,,,sihoo.com (US) Okendo review 3bac008b-c36a-4db2-b94b-debfa62c46d2
sihoo-doro-s100-ergonomic-office-chair,10184342208803,4,Amazon C.,I'm using it for home-office and so far it has been a comfortable chair,2024-07-13,,TRUE,,,sihoo.com (US) Okendo review ec4860ba-f82f-479d-9bc4-ed0dbe1d01a4
sihoo-doro-s100-ergonomic-office-chair,10184342208803,5,Mr&Mrs L.,"I had some issues with installation, but customer service immediately sent videos with instructions. They followed up the same day to ensure my issue was resolved. Chair is very comfortable with great lumbar support. Great value for the cost. Highly recommend it.",2024-07-14,https://media-dynamic.okendo.io/images/eb1bc8c6-9e12-4255-bc70-775461000354/61a612f6-46df-4f46-b0db-c358c82ea752.jpg,TRUE,,,sihoo.com (US) Okendo review 629d6cda-2b04-431a-abc7-42c0686c8333
sihoo-doro-s100-ergonomic-office-chair,10184342208803,5,Clayton A.,For context I am 6'1 147 lbs and have had trouble finding chairs that give me proper back support as I am working at home most of the time. The dual cushion back support seems a little gimmicky but it wrap around my lumbar pretty nicely. Bugles recommend if you are on the fence.,2024-07-20,,TRUE,,,sihoo.com (US) Okendo review be779758-3d1f-425a-a220-4c6b6b16b407
sihoo-doro-s100-ergonomic-office-chair,10184342208803,5,Fei S.,"It is very comfortable and adjustable, good for work from home ,install is very easy with detailed instructions.",2024-07-25,https://media-dynamic.okendo.io/images/eb1bc8c6-9e12-4255-bc70-775461000354/5f85db45-5625-41ab-bbe7-c0a40d1a97a0.jpg,TRUE,,,sihoo.com (US) Okendo review 6a778f83-550e-45a6-ae0e-67d6bab4cc70
sihoo-doro-s100-ergonomic-office-chair,10184342208803,4,Amazon C.,"Overall, the chair is particularly good. The exception to this is the following: the chair back does not stay up high where I want it but slides down; instead of 3 positions for the chair, it really needs 4 positions; and, the arm rests easily slide around when I have my elbows on them (it can be irritating at times).",2024-07-30,,TRUE,,,sihoo.com (US) Okendo review 92de8a92-4461-4a7a-a754-f2f1a6c57eba
sihoo-doro-s100-ergonomic-office-chair,10184342208803,5,Amazon Shopper 7.,"I bought this chair for my home office. The chair is very comfortable with adjustable height, seat depth and arm rests. This is the most comfortable chair I ever owned. In addition, it looks great. I wish I bought it sooner.",2024-08-02,,TRUE,,,sihoo.com (US) Okendo review 8e885779-a4b2-40f6-80d4-6a46576481dc
sihoo-doro-s100-ergonomic-office-chair,10184342208803,5,Kevin O.,I had low expectations at first but damn this chair is actually better than I thought.,2024-08-11,,TRUE,,,sihoo.com (US) Okendo review 383083a0-1768-4d59-aed7-97ea8fbfaa71
sihoo-doro-s100-ergonomic-office-chair,10184342208803,4,Ernest,"The installation process is straightforward, and the cushion and back materials are well done. The armrest and back are restored to position when you set it up to the max height, so you need some time to get used to changing the height appropriately. I found it a pretty exciting solution. The length of the armrest is pretty good, and my elbows feel great now :-)Overall, it's a good chair, and I'm glad that I bought it at a discount and paid 500$The cushion sliding has been fixed by removing some patches attached to the hand (see 3\\4 photo). Now it is working correctly and is better than I expected.",2024-10-04,,TRUE,,,sihoo.com (US) Okendo review ae09a292-c3c0-458b-9ae5-4c5609590234
sihoo-doro-s100-ergonomic-office-chair,10184342208803,5,Amazon C.,"Well, Herman Miller costs you 2k +, and of course that is better than this chair. But if you only want to pay around 500, this is the best compared to other options on Amazon. Most importantly, customer service is there for you. They did reply to my email and shipped the spare part. Thank you Cindy for addressing my concerns and shipping out the spare parts so fast. I mean not every Amazon seller ships replacement parts by DHL and they arrive in less than one week. Anyway, you pay what you get, and I am happy with it.",2024-10-06,https://media-dynamic.okendo.io/images/eb1bc8c6-9e12-4255-bc70-775461000354/80b5ae7b-46b8-4204-952b-51f4321b98e8.jpg,TRUE,,,sihoo.com (US) Okendo review 7911700d-17cc-4730-a4b4-5f2c18d0bae1
sihoo-doro-s100-ergonomic-office-chair,10184342208803,5,tj,"The chair is excellent and functions as advertised. It took me some time to adjust to the lumbar support, but it ultimately helped me maintain proper posture and work for long hours at my desk.",2024-10-24,,TRUE,,,sihoo.com (US) Okendo review 90f42dd5-46d9-40ff-95fe-5e56a2fbb7ef
sihoo-doro-s100-ergonomic-office-chair,10184342208803,5,Daniel,"Confy, easy to assemble,  looks great, nice adjustment, perfect back support,  good quality",2024-11-02,,TRUE,,,sihoo.com (US) Okendo review cfd40a12-218a-4b70-a0e3-cb7cbfe5b7fd
sihoo-doro-s100-ergonomic-office-chair,10184342208803,4,Joe,"I bought this from the Sihoo website. I really like the lumbar support versus the traditional pillow like setup most chairs have. One thing that was odd at this price point is that there was no seat tilt option (just a slide option). My only complaint is that I have a long-ish spine and the arm rests do not quite come up enough to support my elbows, which puts strain on my shoulders. Some minor tweaks to the chair fix it, but I think more functionality (7-8 settings vs 6) on the armrest would really sell it.",2024-11-04,,TRUE,,,sihoo.com (US) Okendo review 2763a986-09fc-4114-aec5-b67e47f74682
sihoo-doro-s100-ergonomic-office-chair,10184342208803,5,Madeeha,"It may be a desk chair but it works wonders for gamers as well. My boyfriend needed a new chair so we tried this out with little hope, however, once he sat in it (after putting it together quickly) he loved it. I think his favorite part is when he leans back and can lock it into the position so if he gets up its still in it.  I think its super swanky the arms move in several directions",2024-11-05,,TRUE,,,sihoo.com (US) Okendo review 46fa1cb8-175c-43f8-a620-334356d0d5e6
sihoo-doro-s100-ergonomic-office-chair,10184342208803,5,Sambhu Prasad N.,"I had bought one SIHOO Doro S100 Ergonomic chair - The built quality is very good, comfort is to level of any high end chairs in the market, modern design. I liked every bit of the chair.",2024-11-05,,TRUE,,,sihoo.com (US) Okendo review 7a2a87de-332b-4efa-be3a-0bc3d1c102b8
sihoo-doro-s100-ergonomic-office-chair,10184342208803,5,Tony R.,".Very nice quality in the construction and materials. The chair is comfortable for my stature.The 4D arms claim is interesting, but by George, it works. Fixed arms can be annoying. The flip up arms on models are great - but this is quite an improvement.Just like adjusting the height and other aspects, the arms can be positioned for comfort. That feature adds a lot of value for me over the great overall quality.",2024-11-07,,TRUE,,,sihoo.com (US) Okendo review f7003b54-9cfa-4aae-ad7d-5a48e270ccda
sihoo-doro-s100-ergonomic-office-chair,10184342208803,4,FraggleRock,"Putting it together was pretty easy.  Came with one broke part, which was the lever that lets you slide the seat back and forth.  superglue fixed it.  Anyway it's pretty comfy, and I like the style.  Looks cool too.  I'd say this however, the seat just seams a bit small for what it's trying to do.  Needs more length and maybe an inch more width.  You notice it when you lean back and you feel the back of the seat.  It's not that noticeable though.  Other than that, it's a nice chair.  Perhaps a bit overpriced.",2024-11-10,,TRUE,,,sihoo.com (US) Okendo review 321729e9-975f-4fde-a0ca-5e7f8f90a93f
sihoo-doro-s100-ergonomic-office-chair,10184342208803,5,scale m.,"First the chair and box weigh almost 50 pounds! This is your first indication to the high quality you will find inside the box.Quality abounds. Not only is the chair and base very safely packed, all of the parts are wrapped to protect them and you also get all of the nuts, bolts and washers needed to assemble. As a bonus you will also receive a nice hex nut driver to install the bolts.The chair was very easy to assemble, but you will find it easier if you have a helper, due to the weight.Most important is that the chair is really comfortable! It is also very adjustable, in case multiple people use the chair, they can customize the sitting, lumbar and arms to their liking.Great product, highly recommended.",2024-11-12,,TRUE,,,sihoo.com (US) Okendo review 3633fe49-e601-4d7b-9ff4-7e59e3fc43ef
sihoo-doro-s100-ergonomic-office-chair,10184342208803,4,SFC,This is a pretty comfortable mesh style office chair. Solid metal base with smooth rolling caster. Simple assemble with clear instructions.,2024-11-21,,TRUE,,,sihoo.com (US) Okendo review 7c2e5fe0-84d4-4a9d-8399-b0bfbd82d1d6
sihoo-doro-s100-ergonomic-office-chair,10184342208803,5,JAWs,"This is a very heavy duty chair, just in the weight alone, you can feel the quality build. The chair is very easy to assemble, and give you pictures and instructions to go along with it. One minor point is the 5 mm T handle started slipping in the handle itself for tightening the bolts, and so I ended up using a separate Allen wrench to finish the assembly. Not that big a deal over all, just something to be aware of.As far as the chair itself, it has recline mode, height adjust mode, seat adjust in and out mode, arm height adjust modes, arms in and out mode, chair back up/down adjust mode, pivot mode, and rolling mode and everything seems like very good build quality. The arms are attached to really strong support structures. And the price at the time was a good price point too.The open mesh design is comfortable, and I am 6' 1 tall, and I like the high back setting. Impressive.",2024-11-24,https://media-dynamic.okendo.io/images/eb1bc8c6-9e12-4255-bc70-775461000354/1d1bd50d-cb44-46d7-ad00-1ca3bdcb3b7a.jpg,TRUE,,,sihoo.com (US) Okendo review 2cbde391-f1be-428b-b1b4-fab24b7071a8
sihoo-doro-s100-ergonomic-office-chair,10184342208803,5,The H.,"Firstly, This is a heavy chair. This weight contributes to the solid feel you get when sitting and rolling in it.The mesh remains tight after use, which continues to provide comfort and alittle spring to your adjustments.The chrome legs give it a more refined look over simple plastic black.The arm adjustments are becoming a standard feature, but I still am relieved to see them on new chairs.*5 stars!",2024-11-26,,TRUE,,,sihoo.com (US) Okendo review 780e7617-f68f-4c8d-a5a8-cf836bc0e890
sihoo-doro-s100-ergonomic-office-chair,10184342208803,5,William K. S.,So this chair arrived a couple of days ago and i've been using it in my home office for 9+ hours a day the past few days.If you read nothing else know that it's very comfortable and adjustable.Assembly:So the included instructions are very lacking so plan on using the online assembly instructions. That said everything was packaged well  and unwrapped easily. i used the box it came in as a stand to help assemble it and got no surprise issues. The only issue i had was figuring out which direction to attach the baseplate as neither the video or instruction specify. i did have to redo that once. I love the T-handle tool they provide for screws it makes the assembly simple.  Everything went together quickly and cleanly and it took about 1 hour to finish.Comfort:I'm 6'2 and 240lbs. The chair supports my shoulders easily though not my head. The lumbar support is really quite good. As a person with a bad back i'm impressed. I was able to though out the back support pillow i used in my old office chair. The armrest are very adjustable and after a bit of fiddling i found the perfect setup for my desk and really like this chair. The mesh back is cool and flexible. 5 Stars for comfort even for long period of sitting.,2024-11-26,https://media-dynamic.okendo.io/images/eb1bc8c6-9e12-4255-bc70-775461000354/841f8971-31d2-4284-82a5-f928daa75c59.jpg,TRUE,,,sihoo.com (US) Okendo review 8ed0defc-5846-4ac2-b20c-7c0d87d0dba0
sihoo-doro-s100-ergonomic-office-chair,10184342208803,5,Kindle C.,"I have reviewed many chairs. This one is a standout. At forty-six pounds it is one of the heaviest that I have encountered. The design definitely sets it apart from the run of the mill chair. I love the spring mounted, two part lumbar support. Few chairs offer forward and back adjustment of the seat. It does not have a headrest, but I did not miss a headrest as I put my feet on my desk and leaned back for a nap thinking that I might need a pillow, but the upper part of the chair held my head comfortably enough. I love this chair.",2024-11-26,,TRUE,,,sihoo.com (US) Okendo review fe7bd2c5-60fa-4e94-8db0-ad905bb16ef6
sihoo-doro-s100-ergonomic-office-chair,10184342208803,5,L,"The Sihoo Doro S100 is a must have at the price of $200 if you're looking for a new chair, and have back, leg & butt pain from your old chair. The design is similar to the brand name model that has been on the market for 10+ years, my dad has that chair, so I can easily compare the two. This costs 1/5th of that chair though, which is pretty amazing you can get something similar now for a fraction of the price. The two are not completely the same though.The one main feature that sets it apart from the competitors is the lumbar support. It's pretty unique as it has one support for each side that moves with your movement. I often have to shift to the left or right, and it feels pretty nice, keeping that support while doing so.The arm rests move forward, up and down, and to the sides. The armrest movements are very similar to my other chair, which everyone and their grandma has, but that chair actually locks those positions in place, which this does not. So it can easily slide back to a position you didn't want it in.Installation took longer than expected which was about 1 hour by myself. I got hung up on the part that slides into the bottom of the seat, as the instructions were not the clearest.When it comes to the final part it wants you to put the seat into the hydraulic wheels, but that felt nearly impossible to do. The seat once assembled is pretty heavy, and you cant see the hole. So what I did was put the seat upside down again, I used my bed and a box for the right height, then I held the wheel cap in place turned that upside down and put it in that way. Flipping it right side up adds extra weight now with the wheels, only reason I see they didn't want you to do it that way. This would be hard to assemble if you're a single female I am sure.The arm rest assembling is a bit odd too, you have to put the screw in from the bottom, while holding the arm rest in one hand, and a tool with the screw in the other.The main negative I have with the chair, is the two supports from your lumbar you can feel the hard plastic sometimes on your spine, which doesn't feel that good, its only in certain spots, when you slouch and are not sitting up right. You also feel this plastic base from the back rest itself when its fully extended(which happens when you turn it upside down to assemble it), thankfully you don't feel this if you drop the back rest all the way down, which I didn't think was possible, but the way the mechanism works for both the back rest and the arm rest extension, is you extend it to the max height then it will drop down.Overall I think this chair is a steal for this price, the pros outweigh the slight negatives.",2024-11-27,,TRUE,,,sihoo.com (US) Okendo review 67ccf7d1-ed60-4c25-82e0-3e44a80ce698
sihoo-doro-s100-ergonomic-office-chair,10184342208803,5,Brentochan,Heavy (in a good way) and very well-built. The chrome base provides a little pop to the look if you're into that. Assembly is straightforward and simple.Lots of adjustments so finding a comfortable posture is pretty much assured. Rolls well and generally feels very solid.,2024-12-04,,TRUE,,,sihoo.com (US) Okendo review dfe4a89c-2a40-4260-9815-fd6e87738aad
sihoo-doro-s100-ergonomic-office-chair,10184342208803,5,Ron,"This chair is fantastic. Easy to assemble and built durable and sturdy. Has some good adjustable functions and is the most comfortable office/gaming chair I've owned. Back support is a huge plus!  Great chair to invest in your office, gaming room, or wherever you like.",2024-12-11,,TRUE,,,sihoo.com (US) Okendo review ec93a685-47e3-478b-a685-375328151c78
sihoo-doro-s100-ergonomic-office-chair,10184342208803,4,shy,"The pillow and lumbar support will automatically adjust with the body posture, so you won't get tired after sitting for a long time. The seat cushion can be adjusted in height with one switch. Because the lumbar support is a kind of embracing feeling, the lumbar support will automatically support the body as it moves left and right. The backrest and pillow are designed as one piece, which makes it very comfortable to lie down. The mesh design is not afraid of heat in summer, but I am worried that the mesh will lose its original elasticity after long-term use. Be careful when cleaning it, otherwise it will get stuck.Installation is not simple, a bit time-consuming, and the casters are not smooth enough.",2024-12-11,,TRUE,,,sihoo.com (US) Okendo review 94cf6629-032c-4556-8103-76a696eecf38
sihoo-doro-s100-ergonomic-office-chair,10184342208803,5,Michael H.,"I have always liked the look of the plush leather chairs. That is until I sat in this one. I now use it everyday as my main office chair. I do not care it looks a bit meh. Its comfortable and my back, neck, hips, and shoulders love it!! It took a bit of assembly but nothing outrageous. Its heavy but moves well on its wheels. My advice, find one of these try it out, and then pull the trigger never looking back at the classic executive chair. Comfort is King here!",2024-12-16,,TRUE,,,sihoo.com (US) Okendo review 032558ca-1850-4f07-8d3b-04c8a6a0c11a
sihoo-doro-s100-ergonomic-office-chair,10184342208803,5,GRILLMASTER7,"In 2008 I paid $400 for a used Herman Miller Aeron Chair size C. It wasn't all that comfy. The arms were a hassle to adjust. The back rest didn't move in height and the back support attachment was tearing and never stayed put.  This chair reminds me of the Aeron chair but this one's easy to adjust and more comfortable. The material used for the frame seems like the same used on the Aeron chair. The mesh on the seat, lower and upper back isn't as dense but seems sturdy. There's less tension in the lower and upper back then there is on the seat. The chair base has 2 controls. One for raising and lowering and one for tilt release/recline. The chair will recline more than 120 degrees I'm guessing and I've found 2 different positions I can lock the seat into a recline position. The seat will slide forward a little over an inch just have to lift on the tab. The upper back will raise 4 clicks for a total of 4 inches maybe. I'm 5'10 and I can easily rest my head back. No need for a separate head rest attachment. The lower back sections don't adjust. They rest on springs so there's a little give all around. The arms raise 6 clicks and stay put. The elbow pads slide forward and back easily about an inch. No locking mechanism there so it's easy to slide out of place. The eblow pads pivot out 1 click and pivot in 4 clicks. They lock in place but can easily be moved by accident. This chair took about 50 minutes to put together from opening the box.  It came with a handy allen wrench tool and the screws and washers were all grouped together. The instructions were clear and easy to follow. Size wise, this fits like an Aeron Size B chair. I hope the company can sell replacement mesh screens for the seat if it ever tears. Not sure if i'd sit on this for 8 hours a day. This chair is more for light duty. It's stylish, well made and comfortable. This is a great product and worth every penny of the $300 listed last I checked. I'd get this instead of a cheap vinyl chair from office depot that's gong to crack and peel off over time. I have 2 such chairs. And I'd get this over the newre Aeron chairs that are still going for $500 used today.",2024-12-17,https://media-dynamic.okendo.io/images/eb1bc8c6-9e12-4255-bc70-775461000354/ee5a9de5-3808-4a6b-b993-36ac672eea87.jpg,TRUE,,,sihoo.com (US) Okendo review e89e298e-0fb5-44b2-b458-dcb3a499529f
sihoo-doro-s100-ergonomic-office-chair,10184342208803,4,Off The Grid K.,"I'm typically partial to a leather office chair mainly for the overall look and durability. Plus I'm a big fan of natural materials but when it comes to adjustability you really can't beat this chair.I'm 6'2 and roughly 200 lb and it adjusts to me like a glove. It can help you correct your posture, or it can allow you to sit comfortably. You can move your arms in, out, up or down and adjust your height and lumbar to your heart's content.They're a bit heavier than I expected but not nearly as heavy as my lower counterparts. The mesh is tight and firm and only time will tell about its longevity. I'm not sure what you do when the mesh starts to get loose or rips. For my leather chairs I just reupholster them but for this I don't know what you do.Regardless this is a great chair for the price and far higher tech when it comes to adjustability than my standard leather choices.Until We Meet Again-Off the Grid Ken",2024-12-17,,TRUE,,,sihoo.com (US) Okendo review 9900e303-8353-43f2-a58f-548cc67ce81e
sihoo-doro-s100-ergonomic-office-chair,10184342208803,5,Jason,"This chair was pretty easy to put together.  It it very very comfortable. While putting this together, I noticed how nice the build quality is.The arm rest and height adjustments works smoothly.  Overall, this looks like a high end type chair.I will update this review after using it for a while. This will give me time to test out the back support.I would recommend this.",2024-12-19,,TRUE,,,sihoo.com (US) Okendo review f5bb42b6-318b-48d5-9b78-8ec1265aefd2
sihoo-doro-s100-ergonomic-office-chair,10184342208803,5,DC,"I have been looking at this SIHOO DORO S100 chair for a while now and I am so glad I ordered it!! I had heard good stuff about these chairs, but I was unsure how comfortable sitting on mesh would be. Would it be supportive yet comfortable to sit all day at my desk, answer...Yes!! This chair has many adjustable features, the height of the chair and headrest, adjustable armrest, but the adjustable depth of the seat is a game changer! Finally a chair that actually fits me.  I would buy this chair again and recommend it.",2024-12-20,https://media-dynamic.okendo.io/images/eb1bc8c6-9e12-4255-bc70-775461000354/a33e7763-8f19-4321-8a7f-e0a844baf925.jpg,TRUE,,,sihoo.com (US) Okendo review d6d093ca-312b-4b70-bfa4-a378f57bd41d
sihoo-doro-s100-ergonomic-office-chair,10184342208803,5,Matt C.,"Easy to assemble. Come with everything you need and really clear easy instructions. The chair is a super comfortable full size chair. It reclines a lot and has really good support with the high back. Lots of adjustment points. The only thing I don't like is the arm rests swivel in and out really easily and it gets knocked out of place easily. Overall, it's a great chair.",2024-12-22,,TRUE,,,sihoo.com (US) Okendo review 492ce2cd-59de-4056-9ca6-ed869490bc0a
sihoo-doro-s100-ergonomic-office-chair,10184342208803,4,Data G.,"So the chair itself is SUPER comfortable. The back support is two independent side panels are positioned at an angle that completely avoids putting pressure directly against your spine. Assembly was straight forward and took about 15 minutes. The seat extender (able to slide out to support longer legs) is awesome.The one thing I immediately tried to do and realized is missing from the chair - there is no lean back tensioner. You can lock the seat to prevent leaning back but there is no way to adjust the fairly light pressure it takes to lean back. Not a deal breaker but it is the reason I am rating only 4 stars. Yeah yeah, perhaps I should have realized this before purchase but, well, this is my review so I can say whatever I want.Overall, not a bad chair for the price.",2025-01-05,,TRUE,,,sihoo.com (US) Okendo review e05e2737-90e8-4878-ba38-c48b72e90cdc
sihoo-doro-s100-ergonomic-office-chair,10184342208803,5,Frank M.,"This chair works for me very well.  The best part for this chair is the 2-piece waist support.  That makes my back very comfortable.  The second good point is the recline feature.  You can choose to move free or set at a fixed position by pushing the lower handle inward.  The mesh structure fit my body perfectly, at the thighs, waist and the back.  The heights of both the backrest and the armrest can be raised.  It is fancy that when you raised to the highest level, they will go to the very bottom then start over again.  I like to set everything to the lowest level, so I can keep my head straight.  It is a pity that the seat can only set flat or move forward.  If let me wish, I would wish the seat also able to recline.The installation is not hard, but you need to have mechanics experiences.  The instruction is not easy to understand, especially the figures are too small to see the details.",2025-01-07,https://media-dynamic.okendo.io/images/eb1bc8c6-9e12-4255-bc70-775461000354/dbea2534-e92b-43d6-ad88-ef8805dc0e38.jpg,TRUE,,,sihoo.com (US) Okendo review af3e42cf-7274-4b8f-a79a-fd9563a98be8
sihoo-doro-s100-ergonomic-office-chair,10184342208803,4,THX1138,"I needed a new office chair since my old one broke.  The recline function could no longer be locked, so it was always rocking back, no good.  That one cost 3 times what this one did, and it lasted just under 3 years of daily use.  I decided to try a less expensive chair, especially since a pricier one didn't last, I figured if this one lasts a year, it's the same per year cost to sit as my old one.The chair comes with some assembly required.  First, I will note that you should open the box carefully from the top and pull the contents out that way.  The instructions will have you use the box to hold the chair upside down while you install some parts to it, so don't destroy that box opening it.The assembly was straightforward enough, and took me about an hour.  All the tools you need are supplied (allen wrenches), so you won't need any of your own. For some reason it also came with a pair of thin children's gloves.  I assume it's to wear while assembling, but the gloves really are tiny. The only part I wasn't thrilled about on assembly was the fact that the chair legs come in pieces.  I would have preferred a solid unit, but then again, this is an inexpensive chair.  Once assembled, it seems sturdy enough.  The supplied wheels roll fine on low pile carpet, and I've had no issues with the gas strut.I've had the chance to use this chair now for a couple of weeks.  The dynamic lumbar support is surprisingly good.  It seems really flimsy and gimmicky at first, but when you sit and lean into it, it really does a pretty good job of conforming to your body and providing back support.The seat can be adjusted in and out, so you can fit it to your legs.  I am 6 feet tall, and have the chair out almost as far as it will go, and it's perfect for me.  The back can be set to freely rock, or locked in one of three positions: upright, all the way back (maybe a 60 degree angle), and one position in between.There is not an adjustable headrest, instead the whole back can be moved up and down (separate from the lumbar pads).  It seems OK, I was able to lift it to the highest position and be comfortable, but I think I prefer a separately adjustable head rest.The only thing I can say that is negative about this in terms of quality is the arms.  They are a little flimsy, and they move too easily.  I can bend the arms down and forward nearly two inches by using them to lift myself up or lower myself down.  The arm brackets themselves seem to be cast aluminum, so the part that is flexing under load must be the chair base.  This is disappointing, and I expect this might be the part of the chair that fails first.  Aside from that, the arms do adjust up and down, and forward and back, but not in and out.  They rotate from the back of the arm, so you can bring the ends of the arms in closer, just not the whole arm.  This is the biggest non ergonomic area of the chair I've found so far.Overall, this is a budget chair, and the quality and adjustability are commensurate with that fact.  If you need a mesh chair and are on a budget, this is a decent choice, just don't expect full ergonomic control.  You'll get quite a bit for the price, just not everything.",2025-01-08,,TRUE,,,sihoo.com (US) Okendo review 481530eb-6f9b-4d61-b88d-6714e9c08a7c
sihoo-doro-s100-ergonomic-office-chair,10184342208803,5,Dad's M.,"Despite it's futuristic look, this chair is incredibly comfortable. The padding is intelligently placed and supportive. The back of the chair is very high and looks awkward at first.....until you realize it's the perfect height to rest your head when leaning backwards.I wish the instructions were a touch clearer, but all the nuts, screws, and bolts are individually packaged in the order as you need them so that's nice. Overall, no complaints and really happy about this purchase!",2025-01-09,,TRUE,,,sihoo.com (US) Okendo review f22c8a33-3f7a-453c-b090-07cd1cdc2fbb
sihoo-doro-s100-ergonomic-office-chair,10184342208803,5,Saving w. S.,"It did take a while to put together. As soon as I sat down, I felt instant relief on my back. It is comfortable and easy to adjust. The fabric makes it easy for your body to breathe. Definitely worth the investment for my office.",2025-01-11,,TRUE,,,sihoo.com (US) Okendo review af8d3371-3558-41a8-a6f2-ced5b30c413a
sihoo-doro-s100-ergonomic-office-chair,10184342208803,5,Ryan,"I have used many basic chairs but switching to Sihoo was a refreshing upgrade. Packaging was solid, assembly was easy, and adjustable lumbar support is excellent.",2025-01-11,,TRUE,,,sihoo.com (US) Okendo review 4056bfd6-355c-4aed-bcf4-b9fad73344b3
sihoo-doro-s100-ergonomic-office-chair,10184342208803,5,Alex,"This is a very comfortable office chair with excellent venting and pleasant cool upholstery material. Armrests are highly adjustable, very solid and comfortable. Backrest support is fine but I didn't quite appreciate those springs that make is a bit shaky experience of getting up and seeing chair keep wobbling. Overall this is an excellent chair for the money, simple to assembly and very well built.",2025-01-11,,TRUE,,,sihoo.com (US) Okendo review efbdce6f-75ed-4c23-b3fe-f1b244a80b53
sihoo-doro-s100-ergonomic-office-chair,10184342208803,5,jeff n.,Very comfortable chair. Easy to assemble. Seems to be really sturdy.,2025-01-11,,TRUE,,,sihoo.com (US) Okendo review 3a7f33c6-3008-4b3a-a824-ee2b66fc68fd
sihoo-doro-s100-ergonomic-office-chair,10184342208803,5,TamTam,This chair is nice and comfortable to sit in for 8 hours if needed. It was easy enough to assemble and the directions were clear.,2025-01-11,,TRUE,,,sihoo.com (US) Okendo review 89d7bbcf-8825-4717-995d-d1a3d3469640
sihoo-doro-s100-ergonomic-office-chair,10184342208803,5,The D. G.,"This chair has completely transformed my home office. The lumbar support is fully adjustable and makes it easy to maintain good posture. The 4D armrests move in every direction, allowing for a highly customized setup. The design is modern, the seat and tilt functions are smooth, and the chair feels solid. A great choice for anyone working long hours.",2025-01-11,https://media-dynamic.okendo.io/images/eb1bc8c6-9e12-4255-bc70-775461000354/49d43fda-57ff-465a-8517-1ea9c96c0f13.jpg,TRUE,,,sihoo.com (US) Okendo review dd1ad956-4098-41dd-9458-ac19c5a6c36b
sihoo-doro-s100-ergonomic-office-chair,10184342208803,5,NAA,"This chair has been a huge upgrade for my home office. The lumbar support is excellent, and I love being able to fine-tune the armrests and seat height. It is sturdy and offers great comfort throughout the day. Very happy with this purchase.",2025-01-12,,TRUE,,,sihoo.com (US) Okendo review b35f96a9-eeed-4936-b32c-77484329d01d
sihoo-doro-s100-ergonomic-office-chair,10184342208803,5,human X.,"I was impressed by the comfort of the seat cushion. The width and thickness of the bottom make it soft and hard, and it doesn't feel uncomfortable or digging. The width adjustment is very smooth, and it is easy to find the best position for your desk and height. For a detail-oriented person like me, the design is really thoughtful. The tilt adjustment of the backrest is a bit a bit. Although the adjustment range is sufficient, the installation support of the backrest is not so uniform at some extreme angles, which makes it feel a bit awkward. In addition, the time spent on this chair was amazing. The icons on the manual are not very clear. It is possible that I was a little confused and could only operate it intuitively. However, after installing it, all problems disappeared.",2025-01-15,https://media-dynamic.okendo.io/images/eb1bc8c6-9e12-4255-bc70-775461000354/3b3b6918-1664-4e29-800c-eeeae2bdf4cc.jpg,TRUE,,,sihoo.com (US) Okendo review 6cb7bfa3-eec9-4e78-9514-8bb0a996e1b1
sihoo-doro-s100-ergonomic-office-chair,10184342208803,5,Natasha,This is the best desk chair ever. It is heavy duty and yet so comfortable. Super simple to put together and fits in my office space so well. This is the best desk chair ever. It is heavy duty and yet so comfortable. Super simple to put together and fits in my office space so well. I enjoy that. Is it the details and being adjustable to each person cannot be overlooked. Super great value,2025-01-15,,TRUE,,,sihoo.com (US) Okendo review 517514bf-2043-4c40-adab-6828b2490fb0
sihoo-doro-s100-ergonomic-office-chair,10184342208803,5,LVGoodguy,"The SIHOO Doro S100 Ergonomic Office Chair is a standout product that delivers on all fronts. Its dual dynamic lumbar support is a game-changer, providing consistent support that adapts to my posture throughout the day. The upgraded seat cushion is firm yet comfortable, ensuring I can work for hours without any discomfort. The 4D armrests are highly adjustable, letting me find the perfect position whether I am typing, writing, or relaxing. The adjustable headrest is another excellent feature, giving great neck support during long meetings or gaming sessions. The mesh design keeps the chair breathable, and the white and grey color scheme gives it a sleek, modern look that fits perfectly in my home office. Overall, the Doro S100 strikes a perfect balance between style, comfort, and functionality. It is a worthy investment for anyone looking for a high-quality ergonomic chair. Highly recommended!",2025-01-16,,TRUE,,,sihoo.com (US) Okendo review dfa24bda-c49c-485d-853b-ac63ec095747
sihoo-doro-s100-ergonomic-office-chair,10184342208803,5,Alejandro G.,Sihoo knows their game. Really comfortable chair for home office. The lumbar support on this chair is fantastic as well as the breathable mesh. It's also tall enough for people up to 6.2 or so and provides great cushion. Ideal for long sittings too.,2025-01-20,,TRUE,,,sihoo.com (US) Okendo review d1e67da5-ba91-47f7-91b9-2c96b999799f
sihoo-doro-s100-ergonomic-office-chair,10184342208803,5,The C. N.,"This is a great chair. It is heavier and larger than expected, but assembly was simple, parts were well protected, and the mesh seat and back are breathable. Excellent adjustable armrests and durable design. Highly recommended.",2025-01-22,,TRUE,,,sihoo.com (US) Okendo review a9c96713-8087-44a5-b677-46226f9d6965
sihoo-doro-s100-ergonomic-office-chair,10184342208803,5,G,This installs easily and rolls evenly,2025-01-23,,TRUE,,,sihoo.com (US) Okendo review de7afdfc-7399-4349-83be-2f4a5eab6749
sihoo-doro-s100-ergonomic-office-chair,10184342208803,4,Sarah,"Will be returned. Build quality is appalling for the price point. I got the basic model. The leveler is broken, therefore I was not able to adjust the depth of chair as advertised. Lumbar support is decent although the second leveler was able to adjust how far it leans back as advertised. In addition, to the restock fee charged. This is ridiculous considering that it came broken!!Update: Customer service resolved my issue and reassured packaging  will be fixed for future customers.",2025-01-25,,TRUE,,,sihoo.com (US) Okendo review 7cb7291f-56fb-4b96-8fda-77d48ef44ac4
sihoo-doro-s100-ergonomic-office-chair,10184342208803,5,Brian M. L.,"This overbed table feels premium. The tilt function works smoothly, and the pneumatic lift adjusts the height effortlessly. The base is solid, and the materials feel high quality. Easy to assemble too.",2025-01-27,,TRUE,,,sihoo.com (US) Okendo review 45f20ca3-ea23-49ae-926c-dc35a140ee9c
sihoo-doro-s100-ergonomic-office-chair,10184342208803,5,Crash O.,"Love that the chair is so configurable, the seat slides backwards and forwards, height (Of course) - seat back adjusts up and down, arms slide forwards and back, adjustable height for the arms, just wish you could lock the rotation and actually lock the arm height. It's on a vertical ratchet, 4 clicks upwards then it resets and can drop back to the bottom. That's just a personal preference though and doesn't detract from the overall review of the chair.",2025-01-30,https://media-dynamic.okendo.io/images/eb1bc8c6-9e12-4255-bc70-775461000354/36680c2f-003d-45b3-89c6-1f3171dd8260.jpg,TRUE,,,sihoo.com (US) Okendo review 9b6ab170-f937-48b2-968e-78ab2c9364bf
sihoo-doro-s100-ergonomic-office-chair,10184342208803,5,AC,"I selected this for my son who was in need of a chair for his desk (mostly for playing games).  I had purchased a gaming chair for my other son that had a lot of issues, so I wanted something with a more simple design.  This chair was easy to assemble and really looks nice, quite modern.  My son has been using it for a month or so now and seems to be very happy with the comfort with no complaints (although his brother's gaming chair definitely has some cooler features).  The adjustments seem smooth and everything just works.  Overall a great office chair option but the price is a bit steep.",2025-01-30,https://media-dynamic.okendo.io/images/eb1bc8c6-9e12-4255-bc70-775461000354/dfc7e05f-189d-4af0-bfab-65d4ca63627c.jpg,TRUE,,,sihoo.com (US) Okendo review 9bb764f1-4fe6-45c8-9e05-452bda6b9e4d
sihoo-doro-s100-ergonomic-office-chair,10184342208803,4,Tatiana C.,"Assembly was easy and the chair feels solid. However, when I sat down to test it, it was not as comfortable as I expected. The spring-based lumbar supports push forward a bit too much, giving a sensation of being pushed. Still, I appreciate that each component is adjustable to suit individual preferences.",2025-02-02,,TRUE,,,sihoo.com (US) Okendo review 91c07ce6-36ec-4ca7-85ce-139d88dfb966
sihoo-doro-s100-ergonomic-office-chair,10184342208803,5,A Vine R.,"This is an excellent office chair by SIHOO. My partner uses it and reports it's very comfortable. I want to share some notes I made while assembling this chair.* You need to have some upper body strength to lift and maneuver the chair portion onto the gas lift. Don't be too proud to ask someone for a hand.* Do NOT throw away the box! You need it for when you're attaching the seat and back to each other.* The instructions are packed inside the bag that holds the seat.* The instructions are in English, German, French, Italian, Spanish, Japanese, and Arabic.* There's a QR code in the instructions for a video showing assembly. Make sure you check the video's description for a link to the updated video.* Personally, I found it confusing when the printed instructions and the video demonstration both changed perspectives occasionally. Maybe you might, too.* This comes with white, cloth gloves, but they're on the small side.* The only tools you need would be something to get into the shipping box. I used scissors.* There are extra bolts and washers.* There are 2 sets of Washers J, but you use 4 at a time.* If you're looking for part P, the Decorative Cover, it's probably already on Base K.* The arm rest pieces come in a box, and if they're wrapped in different colored bubble wrap, it doesn't mean anything.* If you don't want your chair to have arms, feel free to omit them.* There are 5 black plastic pieces that have no part designation in the instructions. They go inside the silver legs and over the arms of the base (the starfish-looking black metal piece). These plastic pieces may be inside the legs or be loose or maybe be on the base. Make sure you don't throw them away!* The legs and the chair parts seem to lock in place on their own when you're assembling them onto the gas lift.* And lastly, the chair didn't smell bad fresh out of the box.I hope these notes help someone.Again, the chair itself is very comfortable, perfect for long sitting sessions. I think the lumbar support is a bit odd, but my partner likes it but says the chair reclines a bit too far.",2025-02-04,"https://media-dynamic.okendo.io/images/eb1bc8c6-9e12-4255-bc70-775461000354/48a96c08-8044-42f3-95e4-538f39b36df3.jpg,https://media-dynamic.okendo.io/images/eb1bc8c6-9e12-4255-bc70-775461000354/b9a8ec16-3b33-46d9-bd86-b4c59b0f5d38.jpg",TRUE,,,sihoo.com (US) Okendo review 6ba17700-608a-4d6d-a1e0-68b1b5e58a76
sihoo-doro-s100-ergonomic-office-chair,10184342208803,5,Annej S.,This chair fits all sizes with great adjustability. The lumbar support adapts automatically and overall the chair is very comfortable.,2025-02-16,,TRUE,,,sihoo.com (US) Okendo review 5236a1a6-d067-4255-b6fd-59af7cd5db81
sihoo-doro-s100-ergonomic-office-chair,10184342208803,5,BretteK,"This chair is the stuff! It is so adjustable. The armrests rotate in, out, up, and down. The back is in two sections. The top section can raise up and down. The bottom also adjusts up and down AND forward and backward for varied depth. The lever that raises and lowers the bottom can also be pulled out to unlock the back to allow for reclining in the chair. I found the upright position to be extremely straight, so I really like the reclining back. My husband is 7 inches taller than me, so being able to increase the height of the back, depth of the seat, and height from the floor allows both of us to use the chair with some customizable adjustments. The materials are good quality. Even though it is made of mesh, they created a pillow feel at the neck and lumbar support that feels cushioned. My husband and I both LOVE this chair!",2025-03-09,"https://media-dynamic.okendo.io/images/eb1bc8c6-9e12-4255-bc70-775461000354/91085e28-7f1c-48f8-9202-4891db40450b.jpg,https://media-dynamic.okendo.io/images/eb1bc8c6-9e12-4255-bc70-775461000354/f29f60e8-d4d6-4c34-924d-da44591be166.jpg",TRUE,,,sihoo.com (US) Okendo review 14c3ef13-dfda-43ec-ac77-26b151e11306
sihoo-doro-s100-ergonomic-office-chair,10184342208803,5,Customer,"Right out of the box, this chair feels substantial and well-made. The assembly is relatively easy, but if you are a weaker person, it could be cumbersome. Once assembled, the chair rolls easily on hard surfaces and yes, this chair is heavy. I am 5 feet 9 inches tall and the chair is easily adjustable for me. I use this as my office chair in my small business. Granted, I do not sit for extended amounts of time, but when I do sit for decent periods, the chair is comfortable and I find that I do not have to adjust myself in the chair to get comfortable. There are many adjustment settings, one of which I sort of find annoying. The armrests adjust in height and swivel. The swivel adjustment does not lock in place and is easily swiveled without intention. All in all, I would give the chair a 4.5, but since I cannot and the chair deserves more than a 4, I am giving this chair a five-star review.",2025-03-14,"https://media-dynamic.okendo.io/images/eb1bc8c6-9e12-4255-bc70-775461000354/f058dc24-27a8-4bf5-b805-ccb3d4cabe1a.jpg,https://media-dynamic.okendo.io/images/eb1bc8c6-9e12-4255-bc70-775461000354/aa1afeb9-2108-4f20-87e1-87cf366f23a4.jpg",TRUE,,,sihoo.com (US) Okendo review 758863d5-ca11-49a2-a3a5-856f92bca0cf
sihoo-doro-s100-ergonomic-office-chair,10184342208803,5,J. L.,"The chair offers excellent value for the price. It has plenty of adjustability options. The only small issue is the armrests reset to the lowest point instead of locking with a lever, but that is not a big concern.",2025-03-20,,TRUE,,,sihoo.com (US) Okendo review f848f146-54e1-489e-b88a-d2ee2274e127
sihoo-doro-s100-ergonomic-office-chair,10184342208803,5,jacob k.,Hands down one of the most comfortable office chairs I've ever used. Love how the lumbar support contors to your back. 5/5 stars would buy again. Only complaint is the instructions are pretty lacking but it's rather straight forward to figure out on assembly.,2025-03-20,,TRUE,,,sihoo.com (US) Okendo review b68dd2ef-e734-42ff-b705-6b9260fb3c7d
sihoo-doro-s100-ergonomic-office-chair,10184342208803,5,Charles P.,"Absolutely comfortable, good back support",2025-03-31,,TRUE,,,sihoo.com (US) Okendo review 98a1fc51-4c42-43a0-9b51-39e6adb0a755
sihoo-doro-s100-ergonomic-office-chair,10184342208803,5,Josue G.,"At 6'1"" and 240 pounds, I find this chair to be a perfect match for my adjustable-height desk. The only minor drawback is the frame being a bit too snug for me to sit cross-legged, but that is far from a dealbreaker.",2025-04-04,,TRUE,,,sihoo.com (US) Okendo review dc8afa9d-1ac7-4896-9b82-bda47df2236f
sihoo-doro-s100-ergonomic-office-chair,10184342208803,5,Atlas,"Excellent chair, very comfortable.",2025-05-08,,,,,sihoo.com (US) Okendo review e857a36b-ca04-4435-8edf-7cb2b40ce360
sihoo-doro-s100-ergonomic-office-chair,10184342208803,5,Carter,Really fast shipping came in perfect condition and just as described very comfortable chair,2025-05-23,,,,,sihoo.com (US) Okendo review a29ae7e5-56a5-4f5a-88e5-4c096b23ff63
sihoo-doro-s100-ergonomic-office-chair,10184342208803,5,Jiwei,I bought the Sihoo S100 for its ergonomic design and am very happy. Lumbar support and seat cushioning are excellent and customer service was very helpful.,2025-06-15,,TRUE,,,sihoo.com (US) Okendo review 4dc19d01-0880-4f02-b6dd-ee1cc5b96647
sihoo-doro-s100-ergonomic-office-chair,10184342208803,5,Lisa A.,"This is a really comfortable office chair. Assembly was quick, and lumbar support is excellent. Armrests adjust smoothly and overall the chair is fantastic.",2025-07-14,,TRUE,,,sihoo.com (US) Okendo review a29c30ba-c270-4c13-81db-d3f93d630dff
sihoo-doro-s100-ergonomic-office-chair,10184342208803,5,Ambers.Book.Cave,"This chair was very easy to assemble. Ergonomically, it is great. Lumbar support and headrest are solid, and the armrests are adjustable. Comfortable for daily use.",2025-07-25,,TRUE,,,sihoo.com (US) Okendo review c254773c-aec9-4960-9fbc-34452210986f
sihoo-doro-s100-ergonomic-office-chair,10184342208803,4,Alberto,"What I like:
- it is comfortable and ergonomic. It definitely help me to stay in the correct position. I had to adjust to it, but I really like it. It helps me to leave my bad sitting habits.
- the sitting base is solid, large and comfortable and the curved profile assists in keeping a good and healthy posture.
- I love the spring lumbar supports. They hit on the right spot and with the right force (but it is not adjustable neither in heights nor in stiffness).
- the mesh is firm and elastic. I hope it lasts.

What I do NOT like:
- just three lockable positions: vertical/mid/reclined.
- free inclination movement stiffness not adjustable.
- I hate the free rotation of the arm rests. If I want to put some weight on them, they just rotate out of place and I slide out. A lock button is very much needed!!!
- the wheel base is assembled with independent spokes made of bent and soldered steel. Even my much cheaper chairs have a solid metal star base. I hope they do not loose up at the hub with time or, worse, begin to fail at the weld lines.
- the wheels do not rotate/slide as freely as I would expect. Maybe they will improve with time, but I am not impressed with them at all.
- the wheel hub is made of plastic.
- the back rest without a separate head rest is a 'hit or miss' for me. It is generally comfortable, but I miss the chance to support my neck/head even when looking straight (as in the office chair models).",2025-08-10,,TRUE,"<p>Hi there,</p>
<p>Thank you for sharing such a detailed and well-considered review of the S100. We really appreciate the time you took to explain your experience from a long-term, posture-focused perspective.</p>
<p>The S100 is designed primarily for users who spend long hours at a desk and are looking for structured ergonomic guidance rather than soft, highly flexible seating. Features such as the firmer mesh, fixed-position spring lumbar support, and limited recline lock points are intentional design choices meant to encourage a stable, upright working posture and help correct unhealthy sitting habits over time. For this type of task-focused use, consistency and support are prioritized over frequent movement or lounge-style flexibility.</p>
<p>That said, we fully understand that preferences differ. For users who rely heavily on armrests for weight support, prefer more recline options, or want integrated head/neck support, a different model or chair style may be a better fit. Your feedback around armrest rotation, wheels, and base construction is valuable and helps other customers better understand whether the S100 matches their needs.</p>
<p>If you ever have concerns about performance over time or would like help exploring solutions or alternatives, our support team is always available at <a href=""mailto:support_us@sihoo.com"">support_us@sihoo.com</a>.</p>
<p>Thank you again for your honest insights, they help both us and future customers make better decisions.</p>
<p>Best regards,<br>Sihoo Team</p>",2026-01-04,sihoo.com (US) Okendo review 3e92ea49-a158-4de5-a3cf-8eb94dc85074
sihoo-doro-s100-ergonomic-office-chair,10184342208803,5,EL,"After using the Sihoo S100 for a while, I can confidently say it performs extremely well. Everything from the comfort to the overall support feels thoughtfully designed for daily work use.",2025-08-15,,TRUE,,,sihoo.com (US) Okendo review 76d1780e-56f0-4c5d-bd7c-f23cb2e76153
sihoo-doro-s100-ergonomic-office-chair,10184342208803,5,christa d.,"Easy set up and comfort
Extremely comfortable chair. Well worth the money! Easy set up. Put together alone and only took about 45 mins. Love that I can lean back in the chair",2025-08-21,,,,,sihoo.com (US) Okendo review 4e89d71e-0355-4673-af80-4b4ac7d2dea1
sihoo-doro-s100-ergonomic-office-chair,10184342208803,5,isabel,"Good support for all parts of body
Very happy to purchase this chair. As a patient of cervical spondylosis, this chair supports my neck very well and provides just the right amount of support at the waist and elbows. After installing it and just testing it for a while, I ordered a second one for my husband.",2025-08-21,,,,,sihoo.com (US) Okendo review dd192661-769e-4ab7-a476-133365b8ba2c
sihoo-doro-s100-ergonomic-office-chair,10184342208803,5,marina,"This chair is very comfortable and has a clean, modern design that fits perfectly in a home office. It looks professional without being bulky, and it feels just as good as it looks.",2025-08-22,,TRUE,,,sihoo.com (US) Okendo review 8b6aef87-8d93-4e9d-8580-9313e0804a05
sihoo-doro-s100-ergonomic-office-chair,10184342208803,5,eveline,"This is easily the most comfortable and supportive chair I have ever owned. I noticed a real improvement in my posture, and my back pain has significantly decreased. Sitting for long hours now feels much more natural and less tiring.",2025-08-23,,TRUE,,,sihoo.com (US) Okendo review cb4620c8-820d-4998-8502-0f3b0de03533
sihoo-doro-s100-ergonomic-office-chair,10184342208803,5,Mirko,"The Sihoo S100 has completely changed how my workspace feels. The dynamic lumbar support actively supports my lower back, the adjustable armrests adapt easily to different tasks, and the breathable mesh keeps me cool during long work sessions. Whether sitting upright or reclining, the chair feels incredibly well balanced and supportive.",2025-08-30,,TRUE,,,sihoo.com (US) Okendo review b5798e00-474a-4a11-b66c-4b75debfacbe
sihoo-doro-s100-ergonomic-office-chair,10184342208803,5,Rick W.,"Excellent Office Chair
I've been using this chair for the last few months and it's been very comfortable. My typical work day is sitting at an office desk for 8+ hours and I've had no issues with my back since purchasing this chair. I would highly recommend it, especially for larger persons.",2025-09-01,https://media-dynamic.okendo.io/images/eb1bc8c6-9e12-4255-bc70-775461000354/b324325c-c382-4419-ad10-635be359082a.jpg,,,,sihoo.com (US) Okendo review d29e4418-71e1-46bb-8222-54a281ee33e9
sihoo-doro-s100-ergonomic-office-chair,10184342208803,5,Jennifer,"Great purchase
Love my new office chair! The ultra-soft 4D armrests and dynamic lumbar support make it incredibly comfortable. The adjustable backrest and swivel feature are perfect for long work hours. Great quality and sturdy construction. Highly recommend for anyone looking for a comfortable and supportive office chair. Assembly was a breeze. Instructions were very easy to follow.",2025-09-01,"https://media-dynamic.okendo.io/images/eb1bc8c6-9e12-4255-bc70-775461000354/1a7c6625-8546-4fcc-a94e-b295c3106105.jpg,https://media-dynamic.okendo.io/images/eb1bc8c6-9e12-4255-bc70-775461000354/25435da2-ef99-450d-8975-675487523a47.jpg",,,,sihoo.com (US) Okendo review ee7c63b4-ab2d-4705-bb97-bf9da6473ab6
sihoo-doro-s100-ergonomic-office-chair,10184342208803,5,Brian,"Very comfy, does exactly what i need it to do, a chair to game and work in.",2025-09-06,,,,,sihoo.com (US) Okendo review d0d9a0b9-12df-40e5-af4d-a55a95e225c5
sihoo-doro-s100-ergonomic-office-chair,10184342208803,5,Mathis,"The S100 feels like a premium product from the moment you sit down. The materials feel solid and reliable, and assembly was surprisingly simple, taking around twenty minutes. Customer service was also responsive and clearly focused on customer satisfaction.",2025-09-07,,TRUE,,,sihoo.com (US) Okendo review d9a62cc8-3432-49c7-bb5e-d119b852fdf6
sihoo-doro-s100-ergonomic-office-chair,10184342208803,5,Anessa,"Super comfortable, stylish and seems to be good quality.",2025-09-12,,,,,sihoo.com (US) Okendo review 28bf09e0-e7b7-468f-a698-4ca229d93cc8
sihoo-doro-s100-ergonomic-office-chair,10184342208803,5,Oscar,"The lumbar support felt a bit strong for my body shape, but this seems to be a personal fit issue rather than a flaw in the chair itself. My wife actually found it very comfortable and supportive, which shows how adjustable the chair can be for different users.",2025-09-13,,TRUE,,,sihoo.com (US) Okendo review f81a9a84-18f5-49b4-a06e-8e0af0e2a68f
sihoo-doro-s100-ergonomic-office-chair,10184342208803,5,Laurent,"This chair feels nearly perfect for daily office use. The lumbar support provides excellent back alignment, delivery was very fast, and the assembly instructions were easy to follow from start to finish.",2025-09-15,,TRUE,,,sihoo.com (US) Okendo review d10500bc-bfbd-44b5-a1ee-ef88861dda20
sihoo-doro-s100-ergonomic-office-chair,10184342208803,5,Adam,"Sitting in this chair is a very comfortable experience, even for long hours. The airflow through the mesh keeps the seat cool, and the back support feels consistent and reliable throughout the day.",2025-09-17,,TRUE,,,sihoo.com (US) Okendo review 7d38ad1d-29d7-4334-9cf3-f23618ffce8a
sihoo-doro-s100-ergonomic-office-chair,10184342208803,5,Sofia,"I took a chance on this chair since I was unfamiliar with the brand, and I am extremely glad I did. The chair feels sturdy, well-built, and very comfortable, especially considering I spend around nine hours a day sitting.",2025-09-18,,TRUE,,,sihoo.com (US) Okendo review 9eefcaaa-f087-4316-b846-78c3d236a924
sihoo-doro-s100-ergonomic-office-chair,10184342208803,5,Ra,This is a well-designed product that delivers exactly what it promises. It offers noticeable comfort improvements compared to standard office chairs.,2025-09-19,,TRUE,,,sihoo.com (US) Okendo review 316ad808-4e4f-4715-b219-a0fd92f1a3ef
sihoo-doro-s100-ergonomic-office-chair,10184342208803,5,Bluesundercover,"Perfect chair
I tried another chair in about the same price range and hated it because of the bad lumbar support and the overall discomfort. This one is VERY comfortable. Mesh seat and back are perfect, lumbar support and headrest are adjustable. This chair is perfect.",2025-09-19,"https://media-dynamic.okendo.io/images/eb1bc8c6-9e12-4255-bc70-775461000354/d80870be-ac5a-4392-a7ca-db866ad4bb85.jpg,https://media-dynamic.okendo.io/images/eb1bc8c6-9e12-4255-bc70-775461000354/a7988fa9-6a43-4588-9694-9ecf38335634.jpg,https://media-dynamic.okendo.io/images/eb1bc8c6-9e12-4255-bc70-775461000354/ad895940-9b03-4199-84cb-32be82260bbb.jpg",,,,sihoo.com (US) Okendo review dcd3135c-292c-47e2-bbc2-befb0db01c03
sihoo-doro-s100-ergonomic-office-chair,10184342208803,5,megan l. h.,"Good chair
Has good adjustment capability. Good height. Good value for money. Good comfort. Easy to assemble. Has good build quality.",2025-09-25,"https://media-dynamic.okendo.io/images/eb1bc8c6-9e12-4255-bc70-775461000354/ad632881-7ae7-4c5f-b811-a0e730c8adf1.jpg,https://media-dynamic.okendo.io/images/eb1bc8c6-9e12-4255-bc70-775461000354/fa1d8e47-a32e-49e6-9718-2cb98890c821.jpg",,,,sihoo.com (US) Okendo review 2bc0cc50-22cd-44ee-a3ac-9ebb1f2b1876
sihoo-doro-s100-ergonomic-office-chair,10184342208803,5,Curly,"Amazing Lumbar and Neck Support
This chair is SO worth it.The armrests adjust in height. The seat cushion itself is very wide and comfortable. The lumbar and neck support is what really shines with this product. The lumbar support comes out a couple of inches but it’s very flexible and gently cradles the lower back. It’s a little strange when you first sit in it, but you quickly get used to having the support. Your back will thank you! Same with the neck support, it comes out a few inches but gently supports your neck, conforming to its shape.The chair can lean back, lock into position, the armrests and neck support can be adjusted up or down.The chair comes very dismantled, so there was quite a bit of assembly. My husband puts together a lot of things and he had it done in about 20-30 minutes. Not horrible but unexpected for a chair.",2025-09-25,"https://media-dynamic.okendo.io/images/eb1bc8c6-9e12-4255-bc70-775461000354/d24d8d70-0328-462c-b16b-0201c0f68940.jpg,https://media-dynamic.okendo.io/images/eb1bc8c6-9e12-4255-bc70-775461000354/a3b2117d-57a6-445f-8b0e-615a970db053.jpg,https://media-dynamic.okendo.io/images/eb1bc8c6-9e12-4255-bc70-775461000354/541e275c-7d42-4520-b81d-bc9291312712.jpg",,,,sihoo.com (US) Okendo review 2e342463-7db6-4945-af08-7fa569e9f76d
sihoo-doro-s100-ergonomic-office-chair,10184342208803,5,Reviews f. y.,"Awesome for long sits
Such an awesome chair for gaming! I can spend hours in this chair and still feel comfortable. It’s one of the better economic designed chairs I have ever had. The mesh is awesome because it keeps me from overheating.",2025-09-28,"https://media-dynamic.okendo.io/images/eb1bc8c6-9e12-4255-bc70-775461000354/4fe99558-b274-4801-a392-3dd751cdd0ed.jpg,https://media-dynamic.okendo.io/images/eb1bc8c6-9e12-4255-bc70-775461000354/229aefc2-de95-430a-83ed-c7e929221554.jpg",,,,sihoo.com (US) Okendo review 7662ec91-fa59-4cd7-bc24-ef44c5e2a608
sihoo-doro-s100-ergonomic-office-chair,10184342208803,5,Mrs. D.,"Comfortable!
Super comfortable and supportive! The dynamic lumbar and 4D armrests make long hours at the desk much easier. Easy to adjust and looks sleek in my home office.",2025-09-30,"https://media-dynamic.okendo.io/images/eb1bc8c6-9e12-4255-bc70-775461000354/f44d67a5-7cf4-471b-bcee-117894693d7f.jpg,https://media-dynamic.okendo.io/images/eb1bc8c6-9e12-4255-bc70-775461000354/af7c819e-7665-4dc3-8233-5718de9a9369.jpg,https://media-dynamic.okendo.io/images/eb1bc8c6-9e12-4255-bc70-775461000354/17e5f4de-142c-4f24-9cb1-112521dc1950.jpg",,,,sihoo.com (US) Okendo review 75cbefa5-6d54-41ec-9ed8-18e423e8e24f
sihoo-doro-s100-ergonomic-office-chair,10184342208803,5,Teddy,Using this chair daily has been genuinely enjoyable. It supports my body well and makes working long hours much more comfortable.,2025-10-07,,TRUE,,,sihoo.com (US) Okendo review d97d9a4e-07d1-4e5d-adc3-cd97900d1459
sihoo-doro-s100-ergonomic-office-chair,10184342208803,5,D. T.,"Comfortable and sturdy, but takes time to assemble
This chair is worth it once it's put together. It’s solid, comfortable, and offers good support for long hours at a desk. The adjustable headrest and tilt functions are nice touches, and everything feels well-made. The only downside is the assembly—there are a lot of pieces, and it takes some time to get through. It's not difficult, just more involved than expected. Still, once it’s set up, it feels like a quality chair that should last.",2025-10-08,"https://media-dynamic.okendo.io/images/eb1bc8c6-9e12-4255-bc70-775461000354/bac4ff40-b72a-4a33-b941-475f48facc70.jpg,https://media-dynamic.okendo.io/images/eb1bc8c6-9e12-4255-bc70-775461000354/9a472b47-4095-4b57-a987-7b5cdfde5301.jpg,https://media-dynamic.okendo.io/images/eb1bc8c6-9e12-4255-bc70-775461000354/871120dd-e70e-4012-a3a3-310983b8c127.jpg",,,,sihoo.com (US) Okendo review b941c92c-3610-4a87-8c70-b7a275ec184b
sihoo-doro-s100-ergonomic-office-chair,10184342208803,5,draythomas,"Really comfortable and solidly built
I put solidly built in the headline because I was looking for a chair for my Pop who is 6'4 and 300 lbs and he fits fine in it. Also it doesn't look like it would be that solid because it looks light and airy, I'm trying to say it's a good looking chair. Building it was about as easy as a chair with this many parts can be. To possibly save you some time I had a problem getting the back rest to stay up but if you pull up it will click, after each click you can stop and it will stay there, to lower it you pull all the way up and it will go down. For the price I don't feel like there is a better chair, I have plenty that cost more and this is right up there with them. As an aside, I needed to contact them with a question and they were super fast and friendly.",2025-10-09,"https://media-dynamic.okendo.io/images/eb1bc8c6-9e12-4255-bc70-775461000354/50079224-dc88-4ca1-81a0-6dd41048c481.jpg,https://media-dynamic.okendo.io/images/eb1bc8c6-9e12-4255-bc70-775461000354/cc17a6d1-ef01-4064-9681-bc654ef5ee14.jpg",,,,sihoo.com (US) Okendo review c38283ae-1b52-4a1c-8657-85d006c6bc7b
sihoo-doro-s100-ergonomic-office-chair,10184342208803,5,Austin S. B.,"This Chair is Excellent
My weight fluctuates between 255 and 280 pounds regularly. I have had this chair for a year and a half. I sit in it for four or five hours a day. It's still solid and comfortable. It's better than the more expensive ones that I bought, which claimed to hold 500 lbs. Definitely recommend this chair.",2025-10-10,"https://media-dynamic.okendo.io/images/eb1bc8c6-9e12-4255-bc70-775461000354/54a84595-06a7-4cd0-9d3c-e0aba0d46868.jpg,https://media-dynamic.okendo.io/images/eb1bc8c6-9e12-4255-bc70-775461000354/fd35eccd-d687-49c2-b0a2-85f276485039.jpg",,,,sihoo.com (US) Okendo review c2e35be0-1080-4721-b576-5a6d332c0cc2
sihoo-doro-s100-ergonomic-office-chair,10184342208803,5,K L. L.,"good for people prone to lower back pain
I absolutely love this chair supper comfortable, really helps with my lower back pain.",2025-10-11,"https://media-dynamic.okendo.io/images/eb1bc8c6-9e12-4255-bc70-775461000354/955bd99a-5ff6-4c86-836c-bc71fba78216.jpg,https://media-dynamic.okendo.io/images/eb1bc8c6-9e12-4255-bc70-775461000354/3ecc1a9f-2f4a-44d0-afcb-36e7ef58de2e.jpg,https://media-dynamic.okendo.io/images/eb1bc8c6-9e12-4255-bc70-775461000354/1f7008f5-6e61-46cc-909d-4b9055aac525.jpg",,,,sihoo.com (US) Okendo review b8d0fafd-60d7-45ca-8396-a0a8dcf37328
sihoo-doro-s100-ergonomic-office-chair,10184342208803,5,Gilles,"While the chair did not initially meet all of my expectations, I can still appreciate the overall build quality and support it provides. With some adjustments, it offers a comfortable and stable seating experience.",2025-10-12,,TRUE,,,sihoo.com (US) Okendo review aa637c39-a5b1-4e1a-9710-b2c22ea9ca0e
sihoo-doro-s100-ergonomic-office-chair,10184342208803,5,Alexis,"The chair feels well made and supportive, especially in the lumbar area. Considering the price, it delivers excellent value for the level of comfort provided.",2025-10-13,,TRUE,,,sihoo.com (US) Okendo review a8b52c6a-fc63-46fd-aa9c-d6def1051b1a
sihoo-doro-s100-ergonomic-office-chair,10184342208803,5,Zonmano,"Simply the best! Better than all the rest!
Had a problem with my order getting to me, but they promptly made it right. Once I finally got it, assembly was very easy and I must say - It’s the best chair I’ve owned. Very very comfortable, would highly recommend.",2025-10-14,"https://media-dynamic.okendo.io/images/eb1bc8c6-9e12-4255-bc70-775461000354/ed9559a5-9268-4616-93af-c6c67b4264b6.jpg,https://media-dynamic.okendo.io/images/eb1bc8c6-9e12-4255-bc70-775461000354/490c4e5c-61f1-45ad-8ca4-b200b25a929c.jpg,https://media-dynamic.okendo.io/images/eb1bc8c6-9e12-4255-bc70-775461000354/21d85e01-06ba-4ff7-993c-358fb3a8ed1f.jpg",,,,sihoo.com (US) Okendo review 22e6fd74-53f7-49c3-b2f7-b5b1b4fc23fd
sihoo-doro-s100-ergonomic-office-chair,10184342208803,5,Volodymyr,"The quality of this chair is impressive, and installation was very easy. From setup to daily use, everything feels well thought out and reliable.",2025-10-15,,TRUE,,,sihoo.com (US) Okendo review 9214fa46-4c48-4558-84d0-d19f74911b98
sihoo-doro-s100-ergonomic-office-chair,10184342208803,5,RandomPlumber,"Great Chair for gaming
Switched to this chair from a gaming one because I needed something with better support that also helped with proper alignment which has greatly helped my back",2025-10-16,https://media-dynamic.okendo.io/images/eb1bc8c6-9e12-4255-bc70-775461000354/14e98d63-3ccd-495b-b0a1-d49020c9d378.jpg,,,,sihoo.com (US) Okendo review 20dee819-09e1-4795-9fad-ecb6eb9d8f31
sihoo-doro-s100-ergonomic-office-chair,10184342208803,5,m. d.,"No Peely Bonded Leather!
It works. Best part is that, it doesn't have that bonded leather, which is really the thinnest piece of leather shaved and glued to fabric that peels off in a years time. We're hopeful that this chair will last a bit longer.",2025-10-17,,,,,sihoo.com (US) Okendo review 04f7f8a4-5b27-47de-b3b1-0803a27599b8
sihoo-doro-s100-ergonomic-office-chair,10184342208803,5,John,"After spending some time adjusting the Sihoo S100 to my body and workspace, I found that the chair offers solid overall support and a premium sitting experience. The dynamic lumbar system provides firm lower back support that works best once you fine tune the height and seating position, helping maintain better posture during long work sessions. The structure of the chair feels strong and stable, giving confidence that it is built for daily, long term use. Once positioned correctly at the desk, the chair glides smoothly and stays steady while working, which is especially helpful for focused tasks. The materials feel durable and well constructed, and the chair clearly prioritizes ergonomic support rather than soft cushioning alone. Overall, the S100 feels like a thoughtfully engineered office chair designed for people who spend many hours sitting and want consistent back support and a reliable build.",2025-10-18,,TRUE,,,sihoo.com (US) Okendo review 60b76938-17ae-45a1-baa8-3d740b7f1981
sihoo-doro-s100-ergonomic-office-chair,10184342208803,5,D,"Comfortable, sturdy and breathable
Took us about 30 min to assemble, it's ergonomic, comfortable to sit in for a work day, and it's also breathable so it doesn't get too hot sitting in it all day. For the price I think it's a good deal",2025-10-18,"https://media-dynamic.okendo.io/images/eb1bc8c6-9e12-4255-bc70-775461000354/722952c0-0b4a-4bd4-8075-f6b92326b7f7.jpg,https://media-dynamic.okendo.io/images/eb1bc8c6-9e12-4255-bc70-775461000354/bbc0d7d7-9d54-4138-aadf-2b8e83a7d742.jpg",,,,sihoo.com (US) Okendo review 2a13f794-f5cf-46f8-b86d-52b34e05e29b
sihoo-doro-s100-ergonomic-office-chair,10184342208803,5,Florent,Amazing quality and very easy to install.,2025-10-20,,TRUE,,,sihoo.com (US) Okendo review 5a37bf2f-c8bf-46cd-9112-442a2daca807
sihoo-doro-s100-ergonomic-office-chair,10184342208803,5,Mike,"3 months review
Simple, no fuss chair. Everything just works - lumbar support, head rest and arm rest adjustments are superb. I like that it has a wide seat, and it is on the medium firm side, and hasn’t sunk in for 3 months of regular use (165lbs).If your chair makes noise or squeaks, that means the grease in the gas cylinder has dried up. This can be easily fixed by applying wd-40 silicone lubricant into where the silver rod meets the black cylinder, and also spray on the screws that holds the chair at the bottom. You should not hear anything once applied. Every chair squeaks when grease eventually dries, even the most expensive chairs do and especially during harsh Canadian winter.",2025-10-20,https://media-dynamic.okendo.io/images/eb1bc8c6-9e12-4255-bc70-775461000354/26b88a77-ebc0-4ab4-bd0d-4974675160d3.jpg,,,,sihoo.com (US) Okendo review ab946141-d387-4f9f-9203-c2f1db795c88
sihoo-doro-s100-ergonomic-office-chair,10184342208803,5,The M. B.,"It is Quite Comfortable
This chair does a great job balancing practicality and comfort. The mesh feels breathable and supportive, and the ergonomic design encourages good posture during long hours of work. Clear instructions made setup easy. A great home office addition!",2025-10-31,"https://media-dynamic.okendo.io/images/eb1bc8c6-9e12-4255-bc70-775461000354/b68f9477-1ef4-461a-a59b-9a1de866e8d2.jpg,https://media-dynamic.okendo.io/images/eb1bc8c6-9e12-4255-bc70-775461000354/aa2162ea-828c-41de-9263-93aaf68db0f8.jpg",,,,sihoo.com (US) Okendo review f3b2700a-6794-4ffc-ac99-b181132e43f4
sihoo-doro-s100-ergonomic-office-chair,10184342208803,5,Paul,"The chair is comfortable, supportive, and easy to recommend. After switching to this model, sitting for long periods feels far less demanding on my body.",2025-11-03,,TRUE,,,sihoo.com (US) Okendo review 32355a46-3e97-48c5-8d9a-60bdb79afd3e
sihoo-doro-s100-ergonomic-office-chair,10184342208803,5,Famu,"The chair is comfortable.
The chair was easy to assemble. It is very well-made and extremely comfortable. The seat isn't solid but mesh. It is comfortable and wide. It is very adjustable, as my 10-year-old granddaughter adjusted it to her height. I happened to walk in while she was sitting in the chair playing a video game. She said I like your new chair, and I made it down to my size. She said it was very comfortable. The mesh does move with you and isn't a hard mesh. I have my doubts that this mesh seat will hold up, but only time will tell. My granddaughter had the chair looking like it was for a midget. It is easy to readjust. It holds up to 330 pounds, and I believe that would be the case. It does move with you as you move around in the chair, and it is comfortable. But I think the price of $339 is a little bit high for me. 5 in 5 for sitting but 4 in 5 for price.",2025-11-05,,,,,sihoo.com (US) Okendo review a17b8d16-5d78-4397-a05c-fa333cde2bf8
sihoo-doro-s100-ergonomic-office-chair,10184342208803,5,bernietapia1,"Office chair
I decided to upgrade my old chair and went with this one because it looked much more stylish — and it really is. The quality feels solid, and the materials look durable and breathable. It’s definitely a larger, more substantial chair that gives good lumbar support, which I really appreciate.
Assembly took me a bit of time (I’m not as strong as I used to be), but once it was together, it felt stable and well-built. Overall, it’s a sturdy and well-designed chair, great for someone who wants a premium look and reliable support throughout the day.",2025-11-10,https://media-dynamic.okendo.io/images/eb1bc8c6-9e12-4255-bc70-775461000354/676921c0-00c6-473c-87ff-d98308c6a010.jpg,,,,sihoo.com (US) Okendo review 14fd2487-2806-4d01-b89e-e51464df8948
sihoo-doro-s100-ergonomic-office-chair,10184342208803,5,Customer L.,"Good deal overall
This chair offers a great balance of quality and comfort at a fair price. It feels sturdy and well-built, designed to handle daily use with ease. The seat provides noticeable relief for my tailbone and the supportive design as well as solid construction make it a dependable choice for anyone looking for lasting comfort throughout the day. I highly recommend it.",2025-11-10,https://media-dynamic.okendo.io/images/eb1bc8c6-9e12-4255-bc70-775461000354/98ee0a7d-d170-441c-8e13-c702159414f7.jpg,,,,sihoo.com (US) Okendo review 1d64a508-1426-4ab5-a085-3d65ec80c66c
sihoo-doro-s100-ergonomic-office-chair,10184342208803,5,Nazim,"Compared to my previous chair, this one feels significantly more comfortable. The support and cushioning make a clear difference during long workdays.",2025-11-12,,TRUE,,,sihoo.com (US) Okendo review 2e3eaf62-83df-4bd7-b787-e1a60640cf0d
sihoo-doro-s100-ergonomic-office-chair,10184342208803,5,David,"From the first day, this chair has felt incredibly comfortable. It provides consistent support and makes extended sitting much more manageable.",2025-11-13,,TRUE,,,sihoo.com (US) Okendo review d90ec6f0-26ae-44b7-ad2b-997673a0fe8a
sihoo-doro-s100-ergonomic-office-chair,10184342208803,5,Izabela,"The chair offers excellent back support and very flexible arm positioning, which is especially helpful during long desk sessions. The overall design is clean and functional, making it a great choice for anyone working long hours.",2025-11-21,,TRUE,,,sihoo.com (US) Okendo review c693db15-bec3-4c25-8cb6-04180aff1a1c
sihoo-doro-s100-ergonomic-office-chair,10184342208803,5,Rick,I'm disabled and sitting down for any length of time excruciating but I can with this chair sit comfortably,2025-11-28,,TRUE,,,sihoo.com (US) Okendo review 8b76f14d-5380-4d0e-ab1d-f43ce1d0a7a0
sihoo-doro-s100-ergonomic-office-chair,10184342208803,5,Mayank,"The chair feels solid and well-constructed, and the overall design inspires confidence. While some movements create slight noise and the armrest rotation feels loose at times, the support and ergonomics still make it a strong option for long-term use.",2025-11-30,,TRUE,,,sihoo.com (US) Okendo review 0942a116-fc08-435c-b981-ddac6f73d4c7
sihoo-doro-s100-ergonomic-office-chair,10184342208803,5,David,"I have never been able to sit for such long periods and stand up without pain until using this chair. It feels supportive from my legs all the way up to my neck, almost like the chair is holding my posture in place.",2025-12-02,,TRUE,,,sihoo.com (US) Okendo review 58662ce3-7741-4ec8-a34c-cb76344d862e
sihoo-doro-s100-ergonomic-office-chair,10184342208803,5,Panyi,"The packaging was secure, the instructions were easy to understand, and the seating comfort was immediately noticeable once assembled.",2025-12-08,,TRUE,,,sihoo.com (US) Okendo review 318a582d-a59b-41d7-9969-6e00400305a0
sihoo-doro-s100-ergonomic-office-chair,10184342208803,5,Jurate,"It's a very comfortable chair, good support for my back, and variable position of arms extremely helpful, nice design too.
If you need to sit for long hours, that's the chair for you.",2025-12-17,,TRUE,,,sihoo.com (US) Okendo review 1d5aa73e-a42c-4acf-bd2e-a5e6565dc931
sihoo-doro-s100-ergonomic-office-chair,10184342208803,5,Colin,"I sit in this chair for over eight hours a day, and it remains comfortable throughout. The only reason it is not a full five-star experience for me is the recline lock range, but overall the support and comfort are outstanding.",2025-12-18,,TRUE,,,sihoo.com (US) Okendo review ed3e2f50-dc1b-4ead-bfe7-173f5a33a435
sihoo-doro-s100-ergonomic-office-chair,10184342208803,5,Manfred,This chair provides a very comfortable seating experience and was quick to set up. Everything from assembly to daily use has been smooth and hassle-free.,2025-12-26,,TRUE,,,sihoo.com (US) Okendo review ee326498-f6ba-407a-af93-9ba54c0fb04b
sihoo-doro-s100-ergonomic-office-chair,10184342208803,5,Fran?ois,"The product quality is excellent, and the service was fast and efficient. Overall, it was a very positive buying experience.",2025-12-28,,TRUE,,,sihoo.com (US) Okendo review 96075f84-ffc5-46bb-8ac9-69b1344dbd68
sihoo-doro-s100-ergonomic-office-chair,10184342208803,5,Antoine,"The Sihoo Doro S100 is a really great and confortable ergonomic chair.
Well designed, with a futuristic style and with an innovative back supports.

Quickly delivered: ordered a Sunday and delivered the Wednesday (EU)
Really easy to assembly (10-20 minutes) alone.
I deeply recommend it!",2026-02-01,https://media-dynamic.okendo.io/images/eb1bc8c6-9e12-4255-bc70-775461000354/84230a2e-8137-4b2d-93d3-e408a8b9de29.jpg,TRUE,,,sihoo.com (US) Okendo review 5eb6d033-9495-47fa-a613-02343a7305db
sihoo-doro-s100-ergonomic-office-chair,10184342208803,5,Manuel P.,"The dual dynamic lumbar support of Doro S100 is the main feature that I was seeking for the purchase, within my budget and it is GREAT. I can imagine how Doro S300 would be... I used the S100 chair for a couple of days now since it had arrived and I am basically stick on the chair in the right posture everytime. 

The purchase process is smooth as well as delivery service as the chair was delivered as scheduled.",2026-02-12,"https://media-dynamic.okendo.io/images/eb1bc8c6-9e12-4255-bc70-775461000354/26ec16d0-3fa2-4fe2-aad0-00e5c5e9ee94.jpg,https://media-dynamic.okendo.io/images/eb1bc8c6-9e12-4255-bc70-775461000354/c423b651-c9a0-4ef9-b133-74bbdb05c0e2.jpg,https://media-dynamic.okendo.io/images/eb1bc8c6-9e12-4255-bc70-775461000354/da29fe46-c5c5-47d2-815d-83c09714814b.jpg,https://media-dynamic.okendo.io/images/eb1bc8c6-9e12-4255-bc70-775461000354/cb73dc53-487c-408a-b924-e3cefba2722e.jpg,https://media-dynamic.okendo.io/images/eb1bc8c6-9e12-4255-bc70-775461000354/855b72fa-77a4-4a14-be9b-cf9c8c7cf643.jpg",TRUE,,,sihoo.com (US) Okendo review 453e61d7-75d1-4991-b0c4-932d355dd76a
sihoo-doro-s100-ergonomic-office-chair,10184342208803,5,Greg D.,Looks so fancy with my setup and feels amazing to sit on as I game thank you,2026-02-23,https://media-dynamic.okendo.io/images/eb1bc8c6-9e12-4255-bc70-775461000354/6519a0c8-605f-434d-a86f-0b12b3222443.jpg,TRUE,,,sihoo.com (US) Okendo review 54c59dab-102b-4d27-93af-010fe7e1fec2
sihoo-doro-s100-ergonomic-office-chair,10184342208803,5,Samantha C.,"Very good product, I recommend except that it doesn't hold the neck very well",2026-05-05,,TRUE,,,sihoo.com (US) Okendo review fbc45c23-80ea-45e7-8aa4-1c3e7cdd60c0
sihoo-doro-s100-ergonomic-office-chair,10184342208803,5,Carol T.,"Daily user of the SIHOO Doro S100 for more than 4 months, here is my complete feedback:

Comfort and Ergonomics: It is an excellent work companion. Dynamic lumbar support makes a real difference: no more pain after long days. The openwork fabric (mesh) is perfect to avoid heat accumulation, and the seat has absolutely not deformed despite intensive use.

The point to watch out for: I've noticed that a back support screw has a tendency to loosen slightly over time. I have to give it a little tightening by hand about once a week to readjust it. Nothing prohibitive, but that's worth knowing.

Tip for the floor: The original wheels are suitable for carpet or carpet. However, to protect my parquet, I preferred to replace them with roller wheels. The set is now perfect and quiet.

Review: A very qualitative, breathable and sturdy chair. If you are looking for serious ergonomics without investing a huge amount of money, this is an excellent choice, provided that the screws are maintained regularly.",2026-05-08,,TRUE,,,sihoo.com (US) Okendo review 7216912e-fb03-457f-bdde-4f804a449283
sihoo-doro-s100-ergonomic-office-chair,10184342208803,5,Joshua H.,"Very good chair with excellent lumbar support. It may not be suitable for very large or very large sizes, but it offers numerous adjustments, especially in terms of the armrests that adapt in all directions. It is also very pleasant to relax and watch a movie while almost lying down.

The mesh is a real plus when it is hot, because it prevents too much sweating and makes the seat more comfortable. Finally, the after-sales service is excellent: if you need to replace the cylinder, it is sent free of charge.",2026-05-10,"https://media-dynamic.okendo.io/images/eb1bc8c6-9e12-4255-bc70-775461000354/13032a95-c49e-4309-ac53-5fc2264b432f.jpg,https://media-dynamic.okendo.io/images/eb1bc8c6-9e12-4255-bc70-775461000354/7beca152-8892-4a55-9bfb-918b745501a4.jpg",TRUE,,,sihoo.com (US) Okendo review 42bf2d16-d93c-428a-b191-9da7a0b32510
sihoo-doro-s100-ergonomic-office-chair,10184342208803,5,Christine M.,"Comfortable seat, backrest that supports you properly, good quality.
I called the brand's after-sales service after 2 years for a problem that answered very quickly and returned the defective part to me.",2026-05-11,,TRUE,,,sihoo.com (US) Okendo review bd879a15-3fd7-4a1d-8d51-1ed734a5ef00
sihoo-doro-s100-ergonomic-office-chair,10184342208803,3,Kevin C.,"The chair is very good, nothing to complain about in terms of comfort. On the other hand, there are some problems with the plastic wheels. They crumble after 6 months on my tiled floor, so have to be changed. A bit unpleasant to have a great product for the chair but carried by fragile wheels. But otherwise I recommend it with my eyes closed.",2026-05-12,,TRUE,,,sihoo.com (US) Okendo review f75f5887-7e00-487a-a083-bd8ed9c42856
sihoo-doro-s100-ergonomic-office-chair,10184342208803,5,Deborah R.,"The best chair I've ever had. I have tried a lot of ergonomic chairs, if you have back pain like me (herniated disc) it is really this lumbar support system that you need. It will be suitable for people between 1m60 and 1m90 max. I measure 1m78 and perfect for me. I recommend 100% if you want to avoid back problems. I have had much more expensive chairs that are not worth this one.
Fine airy fabric for the seat and backrest so great for summer to see how long the fabric lasts.",2026-05-13,,TRUE,,,sihoo.com (US) Okendo review 6476cd13-9c82-4d53-8ccc-262f8f15553e
sihoo-doro-s100-ergonomic-office-chair,10184342208803,5,Brian P.,"This chair is great for this price range.
I personally liked it less: the armrests are 3D and not 4D (no left/right adjustment), the inclination is only locked in 3 fixed positions, the armrests follow the movement of the inclination and they therefore interfere with them to go to the desk.
Pay attention to the installation of the back pallets, which are also perfect for those who don't like cross bars.",2026-05-14,,TRUE,,,sihoo.com (US) Okendo review f4b1c572-006c-4e12-a113-0d2be545f18c
